-- phpMyAdmin SQL Dump
-- version 2.11.4
-- http://www.phpmyadmin.net
--
-- Host: localhost
-- Czas wygenerowania: 20 Mar 2012, 00:32
-- Wersja serwera: 5.0.83
-- Wersja PHP: 5.2.5

SET SQL_MODE="NO_AUTO_VALUE_ON_ZERO";


/*!40101 SET @OLD_CHARACTER_SET_CLIENT=@@CHARACTER_SET_CLIENT */;
/*!40101 SET @OLD_CHARACTER_SET_RESULTS=@@CHARACTER_SET_RESULTS */;
/*!40101 SET @OLD_COLLATION_CONNECTION=@@COLLATION_CONNECTION */;
/*!40101 SET NAMES utf8 */;

--
-- Baza danych: `noraid_4x4`
--

-- --------------------------------------------------------

--
-- Struktura tabeli dla  `articles`
--

CREATE TABLE IF NOT EXISTS `articles` (
  `id` int(10) unsigned NOT NULL auto_increment,
  `id_galleries` int(10) unsigned default NULL,
  `title` varchar(255) NOT NULL,
  `path` varchar(255) NOT NULL,
  `isVisible` binary(1) NOT NULL default '1',
  PRIMARY KEY  (`id`),
  KEY `id_galleries` (`id_galleries`)
) ENGINE=InnoDB  DEFAULT CHARSET=utf8 AUTO_INCREMENT=43 ;

--
-- Zrzut danych tabeli `articles`
--

INSERT INTO `articles` (`id`, `id_galleries`, `title`, `path`, `isVisible`) VALUES
(1, NULL, 'Oferta wynajmu samochodu rajdowego Bowler Nemesis', 'oferta_wynajmu_samochodu_rajdowego_bowler_nemesis', '1'),
(3, NULL, 'Marzenia i rozsądek - wywiad z Piotrem Beaupré', 'marzenia_i_rozsadek_wywiad_z_piotrem_beaupre', '1'),
(4, NULL, 'Sylwetki zawodników', 'sylwetki_zawodnikow', '1'),
(6, NULL, 'Kontakt', 'kontakt', '1'),
(7, NULL, 'Sponsorzy', 'sponsorzy', '1'),
(9, NULL, 'Bowler Nemesis', 'bowler_nemesis', '1'),
(10, NULL, 'Ciężarówka serwisowa', 'ciezarowka_serwisowa', '1'),
(11, 48, 'BMW', 'bmw', '1'),
(12, NULL, 'Oferta sprzedaży samochodu rajdowego Bowler Nemesis', 'oferta_sprzedazy_samochodu_rajdowego_bowler_nemesis', '1'),
(13, NULL, 'Rajd Silk Way 2011', 'rajd_silk_way_2011', '1'),
(14, 1, '24H Tout Terrain de France 2008', '24h_tout_terrain_de_france_2008', '1'),
(15, 34, 'Silk Way 2011 - zakończony', 'silk_way_2011_-_zakonczony', '1'),
(16, 4, 'Baja Portalegre 2008', 'baja_portalegre_2008', '1'),
(17, 8, 'Drezno - Wrocław 2008', 'drezno_wroclaw_2008', '1'),
(18, 11, 'Italian Baja 2009', 'italian_baja_2009', '1'),
(32, 45, 'Dakar 2012 przygotowania', 'dakar_2012_przygotowania', '1'),
(33, 46, 'Transport Le Havre - Buenos Aires - ostatnie odliczanie przed startem! ', 'dakar_2012_przed_startem', '1'),
(34, 44, 'Baja Portalegre 2011', 'baja_portalegre_2011_', '1'),
(38, 52, 'Dakar 2012 zmiana trasy', 'dakar_2012_zmiana_trasy', '1'),
(39, 55, 'Meta w Limie !!!', 'meta_w_limie', '1'),
(40, 48, 'BMW X5CC', 'bmw_x5cc', '1'),
(41, 58, 'Iveco 190 - ciężarówka serwisowa', 'iveco_190_ciezarowka_serwisowa', '1'),
(42, NULL, 'Cieżarówka serwisowa', 'ciezarowka_serwisowa', '1');

-- --------------------------------------------------------

--
-- Struktura tabeli dla  `calendarium`
--

CREATE TABLE IF NOT EXISTS `calendarium` (
  `id` int(10) unsigned default NULL,
  `data_od` varchar(255) NOT NULL,
  `data_do` varchar(255) NOT NULL,
  `name` varchar(255) NOT NULL,
  `place` varchar(255) NOT NULL,
  `kierowca` varchar(255) NOT NULL default 'Piotr Beaupré',
  `pilot` varchar(255) NOT NULL default 'Jacek Lisicki',
  `path` varchar(255) default NULL,
  `isVisible` binary(1) default '1'
) ENGINE=InnoDB DEFAULT CHARSET=utf8;

--
-- Zrzut danych tabeli `calendarium`
--

INSERT INTO `calendarium` (`id`, `data_od`, `data_do`, `name`, `place`, `kierowca`, `pilot`, `path`, `isVisible`) VALUES
(NULL, 'Od', 'Do', 'Rajd', 'Kraj', 'Kierowca', 'Pilot', NULL, NULL),
(1, '2011-03-18', '2011-03-21', 'FiA Italian Baja', 'Włochy', 'Piotr Beaupré', 'Jacek Lisicki', '', '1'),
(2, '2011-03-25', '2011-03-27', 'Rajd 24H Polska', 'Polska', 'Piotr Beaupré', 'Jacek Lisicki', '', '1'),
(3, '2011-04-07', '2011-04-10', 'MT Rally', 'Polska', 'Piotr Beaupré', 'Jacek Lisicki', '', '1'),
(4, '2011-05-01', '2011-05-07', 'FiA Rallye de Tunisie ', 'Tunezja', 'Piotr Beaupré', 'Jacek Lisicki', '', '1'),
(5, '2011-05-30', '2011-06-11', 'FiA Rallye Estoril – Marakech ', 'Portugalia', 'Piotr Beaupré', 'Jacek Lisicki', '', '1'),
(6, '2011-07-22', '2011-07-24', 'FiA Baja Espana', 'Hiszpania', 'Piotr Beaupré', 'Jacek Lisicki', '', '1'),
(8, '-', '-', 'Rally Dakar', '-', 'Piotr Beaupré', 'Jacek Lisicki', '', '1');

-- --------------------------------------------------------

--
-- Struktura tabeli dla  `galleries`
--

CREATE TABLE IF NOT EXISTS `galleries` (
  `id` int(10) unsigned NOT NULL auto_increment,
  `title` varchar(255) NOT NULL,
  `path` varchar(255) NOT NULL,
  `isVisible` binary(1) NOT NULL default '1',
  PRIMARY KEY  (`id`),
  KEY `path` (`path`)
) ENGINE=InnoDB  DEFAULT CHARSET=utf8 AUTO_INCREMENT=59 ;

--
-- Zrzut danych tabeli `galleries`
--

INSERT INTO `galleries` (`id`, `title`, `path`, `isVisible`) VALUES
(1, '24H Tout Terrain de France 2008', '24h_tout_terrain_de_france_2008', '1'),
(2, 'Baja de France 2007', 'baja_de_france_2007', '1'),
(3, 'Baja España Aragon 2010', 'baja_espana_aragon_2010', '1'),
(4, 'Baja Portalegre 2008', 'baja_portalegre_2008', '1'),
(5, 'Baja Slovakia 2006', 'baja_slovakia_2006', '1'),
(6, 'Berlin - Wrocław 2006', 'berlin_wroclaw_2006', '1'),
(7, 'Drezno - Wrocław 2007', 'drezno_wroclaw_2007', '1'),
(8, 'Drezno - Wrocław 2008', 'drezno_wroclaw_2008', '1'),
(9, 'Drezno - Wrocław 2009', 'drezno_wroclaw_2009', '1'),
(10, 'Italian Baja 2008', 'italian_baja_2008', '1'),
(11, 'Italian Baja 2009', 'italian_baja_2009', '1'),
(12, 'Italian Baja 2010 nowym samochodem - Bowler Nemesis', 'italian_baja_2010_nowym_samochodem_bowler_nemesis', '1'),
(13, 'Optic 2000, 2008', 'optic_2000_2008', '1'),
(14, 'Pharaons Rally 2007', 'pharaons_rally_2007', '1'),
(15, 'Bowler Nemesis', 'bowler_nemesis', '1'),
(16, 'Anglia - Fabryka Drew Bowlera', 'anglia_fabryka_drew_bowlera', '1'),
(17, 'Budowa ciężarówki', 'budowa_ciezarowki', '1'),
(18, 'Dariusz Żyła - IC seria 4x4 2010', 'dariusz_zyla_ic_seria_4x4_2010', '1'),
(19, 'Dariusz Żyła - Tuning Show 2010', 'dariusz_zyla_tuning_show_2010', '1'),
(20, 'Maraton Rowerowy 2008', 'maraton_rowerowy_2008', '1'),
(21, 'Nemesis z nowym silnikiem', 'nemesis_z_nowym_silnikiem', '1'),
(22, 'Start Naszych Przyjaciół w imprezie Baja Polonia 2009', 'start_naszych_przyjaciol_w_imprezie_baja_polonia_2009', '1'),
(23, 'Sponsorzy', 'sponsorzy', '1'),
(24, 'Sylwetki zawodników', 'sylwetki_zawodnikow', '1'),
(25, 'Rajdy przeprawowe', 'rajdy_przeprawowe', '1'),
(26, 'RMPST odcinek Słomczyn', 'rmpst_odcinek_slomczyn', '1'),
(27, 'Galeria testowa', 'galeria_testowa', '1'),
(31, 'Bowler', 'bowler', '1'),
(32, 'Top', 'top', '1'),
(34, 'Silk Way 2011', 'silk_way_2011', '1'),
(35, 'Do Testów', 'do_testow', '1'),
(36, 'Nowy Artykuł', 'nowy_artykul', '1'),
(37, '24H Tout Terrain de France', '24h_tout_terrain_de_france', '1'),
(38, 'Rajd Silk Way', 'rajd_silk_way', '1'),
(39, 'Baja Portalegre', 'baja_portalegre', '1'),
(40, 'Drezno - Wrocław', 'drezno_wroclaw', '1'),
(41, 'Italian Baja', 'italian_baja', '1'),
(44, 'Baja Portalegre 2011', 'baja_portalegre_2011', '1'),
(45, 'Dakar 2012 - przygotowania', 'dakar_2012_przygotowania', '1'),
(46, 'Dakar 2012 - przed startem', 'dakar_2012_przed_startem', '1'),
(47, 'Loga Partnerów', 'loga_partnerow', '1'),
(48, 'BMW X5CC', 'bmw', '1'),
(49, 'Ciężarówka serwisowa', 'ciezarowka_serwisowa', '1'),
(50, 'Dakar 2012 - start', 'dakar_2012_start', '1'),
(51, 'Pirwsze foto z odc. specjalnych Dakar 2012', 'pirwsze_foto_z_odc_specjalnych_dakar_2012', '1'),
(52, 'Zmiana trasy Dakar 2012', 'zmiana_trasy_dakar_2012', '1'),
(53, 'WOŚP na Dakar 2012', 'wosp_na_dakar_2012', '1'),
(54, 'Klimatyczne foto z biwaku', 'klimatyczne_foto_z_biwaku', '1'),
(55, 'Meta w Limie', 'meta_w_limie', '1'),
(56, 'Zdjęcia z odc. specjalnych Dakar 2012', 'zdjecia_z_odc_specjalnych_dakar_2012', '1'),
(57, 'Dakar 2012 – poza odcinkami specjalnymi', 'dakar_2012_poza_odcinkami_specjalnymi', '1'),
(58, 'Iveco 190 - ciężarówka serwisowa', 'iveco_190_ciezarowka_serwisowa', '1');

-- --------------------------------------------------------

--
-- Struktura tabeli dla  `history`
--

CREATE TABLE IF NOT EXISTS `history` (
  `id` int(11) default NULL,
  `rok` varchar(4) NOT NULL,
  `nazwa` varchar(255) NOT NULL,
  `pojazd` varchar(255) NOT NULL,
  `kierowca` varchar(255) NOT NULL default 'Piotr Beaupré',
  `pilot` varchar(255) NOT NULL default 'Jacek Lisicki',
  `id_gallery` int(11) default NULL,
  `isVisible` binary(1) default '1',
  KEY `id` (`id`),
  KEY `rok` (`rok`)
) ENGINE=InnoDB DEFAULT CHARSET=utf8;

--
-- Zrzut danych tabeli `history`
--

INSERT INTO `history` (`id`, `rok`, `nazwa`, `pojazd`, `kierowca`, `pilot`, `id_gallery`, `isVisible`) VALUES
(NULL, 'Rok', 'Rajd', 'Samochód', 'Kierowca', 'Pilot', NULL, NULL),
(1, '1994', 'Rozpoczęcie startów  RMPST', 'Forda Mutt', 'Piotr Beaupré', 'Jacek Lisicki', 0, '1'),
(2, '1998', 'II Vice mistrzostwo Polski  RMPST', 'Mitsubishi Pajero', 'Piotr Beaupré', 'Jacek Lisicki', 0, '1'),
(3, '1999', 'IV miejsce w klasyfikacji generalnej  RMPST', 'Mitsubishi Pajero', 'Piotr Beaupré', 'Jacek Lisicki', 0, '1'),
(4, '2003', 'Rajdy przeprawowe', 'Mercedes G', 'Piotr Beaupré', 'Jacek Lisicki', 0, '1'),
(5, '2005', 'Berlin – Wrocław', 'Range Rover Classic', 'Piotr Beaupré', 'Jacek Lisicki', 0, '1'),
(6, '2006', 'Baja Slovakia', 'Tomcat 100', 'Piotr Beaupré', 'Jacek Lisicki', 0, '1'),
(7, '2006', 'Berlin - Wrocław', 'Range Rover Classic', 'Piotr Beaupré', 'Jacek Lisicki', 0, '1'),
(8, '2007', 'Baja de France', 'Bowler Wildcat 200', 'Piotr Beaupré', 'Jacek Lisicki', 0, '1'),
(9, '2007', 'Baja GB Wales', 'Bowler Wildcat 200', 'Piotr Beaupré', 'Jacek Lisicki', 0, '1'),
(10, '2007', 'Drezno - Wrocław', 'Range Rover Classic', 'Piotr Beaupré', 'Jacek Lisicki', 0, '1'),
(11, '2007', 'Pharaons Rally', 'Bowler Wildcat 200', 'Piotr Beaupré', 'Jacek Lisicki', 0, '1'),
(12, '2008', 'Italian Baja', 'Bowler Wildcat 200', 'Piotr Beaupré', 'Jacek Lisicki', 0, '1'),
(13, '2008', 'Rally Optic 2000', 'Bowler Wildcat 200', 'Piotr Beaupré', 'Jacek Lisicki', 0, '1'),
(14, '2008', 'Drezno - Wrocław', 'Range Rover Classic', 'Piotr Beaupré', 'Jacek Lisicki', 0, '1'),
(15, '2008', '24H Tout Terain de France', 'Bowler Wildcat 200', 'Piotr Beaupré', 'Jacek Lisicki', 0, '1'),
(16, '2008', 'Baja Portalegre', 'Bowler Wildcat 200', 'Piotr Beaupré', 'Jacek Lisicki', 0, '1'),
(17, '2009', 'Italian Baja', 'Bowler Wildcat 200', 'Piotr Beaupré', 'Jacek Lisicki', 0, '1'),
(18, '2009', 'Drezno – Wrocław', 'Range Rover Classic', 'Piotr Beaupré', 'Jacek Lisicki', 0, '1'),
(19, '2010', 'Italian Baja', 'Bowler Nemesis', 'Piotr Beaupré', 'Jacek Lisicki', 0, '1'),
(20, '2010', 'Baja Espada Aragon', 'Bowler Nemesis', 'Piotr Beaupré', 'Jacek Lisicki', 0, '1'),
(21, '2010', 'Baja Portalegre', 'Bowler Nemesis', 'Piotr Beaupré', 'Jacek Lisicki', 0, '1');

-- --------------------------------------------------------

--
-- Struktura tabeli dla  `images`
--

CREATE TABLE IF NOT EXISTS `images` (
  `id` int(10) unsigned NOT NULL auto_increment,
  `id_galleries` int(10) unsigned default NULL,
  `filename` varchar(255) NOT NULL,
  `position` int(10) unsigned NOT NULL default '0',
  `isVisible` int(10) unsigned NOT NULL default '1',
  UNIQUE KEY `id` (`id`),
  KEY `id_galleries` (`id_galleries`),
  KEY `filename` (`filename`)
) ENGINE=InnoDB  DEFAULT CHARSET=utf8 AUTO_INCREMENT=1231 ;

--
-- Zrzut danych tabeli `images`
--

INSERT INTO `images` (`id`, `id_galleries`, `filename`, `position`, `isVisible`) VALUES
(1, 1, '056e6032c49c2efd08e53701f189ce40.jpg', 18, 1),
(2, 1, '07bef73c3b439f9905e1d359a1575d19.jpg', 1, 1),
(3, 1, '0cc7b6ef7c2a16c7b3d7fa08b2f2e368.jpg', 6, 1),
(4, 1, '129ac34b2ec7a3c6a80a19bbc7d19188.jpg', 7, 1),
(5, 1, '450185f1198721d0c0b7cfe72137ae84.jpg', 8, 1),
(6, 1, '4743e4b43e49a3c3f58d55c60de78970.jpg', 9, 1),
(7, 1, '514c14a13be439f2f68b9ec56c324391.jpg', 10, 1),
(8, 1, '6a5410c994d181d7ab8965766710849e.jpg', 11, 1),
(9, 1, '75a2b3436542766371e029f3708f7fe2.jpg', 12, 1),
(10, 1, '877f0fedbf17f8a17d7c800a1daeedbb.jpg', 13, 1),
(11, 1, '975c454e1466e4555865bd77cc63d156.jpg', 14, 1),
(12, 1, 'a02827d513996953d9e8549b742c3954.jpg', 2, 1),
(13, 1, 'b0fdffcf35bc27b31576cb3c48ef515b.jpg', 15, 1),
(14, 1, 'b665b2216bc60a9e44a8f1d73ed3b19f.jpg', 16, 1),
(15, 1, 'cb0a7cedb8ad6625648cc3a57b11a515.jpg', 3, 1),
(16, 1, 'e7477dbae89d6c212d7965899d6c0be5.jpg', 17, 1),
(17, 1, 'ed7c2a01d36de93ef0cc49831dc99191.jpg', 4, 1),
(18, 1, 'f6c121a7e90e9e2b25b4d9a99e35c72b.jpg', 5, 1),
(19, 2, '86ca8b9f11e04e110803fb932af8d8c4.jpg', 0, 1),
(20, 2, '9f9f9238922bc03be68e10884b6827bc.jpg', 0, 1),
(21, 3, '1129b9380010949b6b5623fca8c16f27.jpg', 0, 1),
(22, 3, '37ba3682223ea49bb2a7c0b9ad4d6e05.jpg', 0, 1),
(23, 3, '47af068a0878c22a2d9964c87d786acf.jpg', 0, 1),
(24, 3, '48e2f6b5c883a140b029815847b6983f.jpg', 0, 1),
(25, 3, '66730958fc69a82c629eadce0936426b.jpg', 0, 1),
(26, 3, '83c19e3102c42239585e5a1066a1c351.jpg', 0, 1),
(27, 3, 'b96e8d2dd0e483992bb48151189360ed.jpg', 0, 1),
(28, 3, 'd70f6be662cdcd17b6ab043774a350a0.jpg', 0, 1),
(29, 3, 'f5cad7071895d8c5744b5c6dacaf7b98.jpg', 0, 1),
(30, 4, '0097cd733948e7146d645990cb686fac.jpg', 11, 1),
(31, 4, '234c5c471f64a02908a67b27e7eb0c48.jpg', 1, 1),
(32, 4, '25f6f77ea0ca5bd5c42cb1d9ae687511.jpg', 3, 1),
(33, 4, '2665126ca045805457019582ce71e6ad.jpg', 8, 1),
(34, 4, '667cafe745e137cc77c70941997f9a18.jpg', 4, 1),
(35, 4, '8011a53a17cacf82264ed202c4080286.jpg', 5, 1),
(36, 4, '8a7302683ef5ba69234495d457e9cf2f.jpg', 6, 1),
(37, 4, '8d0732ac53ad0059ec27e8727e40109e.jpg', 7, 1),
(38, 4, 'a68d728bcc904dd957d49e6024f7b001.jpg', 9, 1),
(39, 4, 'b38b690c49a3524d012f733d1d967477.jpg', 2, 1),
(40, 4, 'c739eaf0504c4435ba3be8dd7c3d0c36.jpg', 10, 1),
(41, 5, '2fd23b11b9b7f806e65e1004a58897ee.jpg', 2, 1),
(42, 5, '3f196f862f4e7ae9312959a062cb625d.jpg', 4, 1),
(43, 5, '49fff5b52ee22804bb934eb465a2538b.jpg', 9, 1),
(44, 5, '6e47e7578ec716abc639efdc5c52c357.jpg', 6, 1),
(45, 5, '8835debe3ab9f00bc79e4801e7d0e3b2.jpg', 14, 1),
(46, 5, '99bd2aa8e8689d451c86af58e7937967.jpg', 1, 1),
(47, 5, '9c15c479f50f66bdd2c5ed518fe85933.jpg', 8, 1),
(48, 5, 'b8233953f0b8e05d0a8c6faef9a2d72e.jpg', 7, 1),
(49, 5, 'cc3d3240fba5fb04b9a1b6d54bd8b08a.jpg', 11, 1),
(50, 5, 'cd06e65919d53b98611f3a234d1744cc.jpg', 5, 1),
(51, 5, 'd66fe2608405715e56ebad2aa22212ab.jpg', 3, 1),
(52, 5, 'd75c5e896e39e139e0995bd8b3fbcb65.jpg', 10, 1),
(53, 5, 'dd44d0b8456cb138d735d8f94f823bd6.jpg', 13, 1),
(54, 5, 'f10be67e3a55bdf5907369e3f6c4f7b8.jpg', 12, 1),
(55, 6, '2d2c351518e3b3e04e02adcf61e2a436.jpg', 6, 0),
(56, 6, '3910d120d7c99516e3f0aa4743c567db.jpg', 7, 0),
(57, 6, '572d5fe8ea7887ef36cf0946e4caa34b.jpg', 1, 1),
(58, 6, 'a6e2a03187c9fe94bf600bddaf9ba248.jpg', 3, 1),
(59, 6, 'b446dd840b94003c6027bda9ea7ca94b.jpg', 4, 1),
(60, 6, 'cadafc87d470aa0d0cd31e9a7140caad.jpg', 2, 1),
(61, 7, '2265334cce57f1dc61c5bb52b4e217d4.jpg', 0, 1),
(62, 7, '446264536d683feec624ef5978fec023.jpg', 0, 1),
(63, 7, '7d0e4d1429f84c88fbb50f13aa59ca93.jpg', 0, 1),
(64, 7, 'aca713554e4c9cd8798b3ab28fd00dbc.jpg', 0, 1),
(65, 7, 'c907773d263eadf897815cdd553f16a5.jpg', 0, 1),
(66, 8, '280236c7a776b52610775baa398f57f4.jpg', 7, 1),
(67, 8, '76579c862d74d01ffe3315f57e6cccab.jpg', 8, 1),
(68, 8, '7dae03c807b2cb9d823bb50eca8a95aa.jpg', 9, 1),
(69, 8, '97985b23a4ad4007d32907bcd2248bab.jpg', 10, 1),
(70, 8, '994dd70042da6cf1c750bf2f325361f7.jpg', 11, 1),
(71, 8, 'a6bce0acd9b63ef5ec490791a1ec352b.jpg', 2, 1),
(72, 8, 'a7bb2e81252c31eb73183ee8a2f9b778.jpg', 1, 1),
(73, 8, 'b74dcee41a5c14e3426067bdbf15f746.jpg', 3, 1),
(74, 8, 'd00a169c85af66ab50013dab1abacb4a.jpg', 4, 1),
(75, 8, 'da458ce86da4e091031c4e1bd983928d.jpg', 5, 1),
(76, 8, 'f7104ada2a6960a6f77b6871bc21b764.jpg', 6, 1),
(77, 9, '05881a3f6c0e92799353a7c8e26dcecb.jpg', 0, 1),
(78, 9, '05b01a2051838c3180fbde505f4920a6.jpg', 0, 1),
(79, 9, '09132d5ab958ad00f34553f1289e5ee9.jpg', 0, 1),
(80, 9, '0f1649518a5b4fde75cd03a8449ca3c7.jpg', 0, 1),
(81, 9, '10829e51a92200fa92395e43192d26ef.jpg', 0, 1),
(82, 9, '14f1e112466a28f19b9e5e4fc75cf144.jpg', 0, 1),
(83, 9, '169d0f44f33c8bc7c572a40dd7632c19.jpg', 0, 1),
(84, 9, '21bfe1bbc7188701d4949f002ef7f3a8.jpg', 0, 1),
(85, 9, '22e39abb7dc78d26dbb99007ad22f832.jpg', 0, 1),
(86, 9, '2524ffaf84743071b6fc8432f257463b.jpg', 0, 1),
(87, 9, '25a5c8bb75b3a84cc6ea2c8a5489f712.jpg', 0, 1),
(88, 9, '270164643e15242042de7da51bef9ebd.jpg', 0, 1),
(89, 9, '28775cd4a40cf8ca3929ff4ada582734.jpg', 0, 1),
(90, 9, '2953fa55e36a4afbce5230a22eecafd7.jpg', 0, 1),
(91, 9, '29a1447a0b44f689a78b3cf056247941.jpg', 0, 1),
(92, 9, '3933740860f3453a4d3613ff70f801d1.jpg', 0, 1),
(93, 9, '3990b5f8b6372b058aed825f98396288.jpg', 0, 1),
(94, 9, '3af51bbe02d446b1cb2b91fc36960575.jpg', 0, 1),
(95, 9, '3b66211c4b1bd7bde0075ef7a2c694ca.jpg', 0, 1),
(96, 9, '3ed911d873ec74f2e078add3ae8ca443.jpg', 0, 1),
(97, 9, '3f185d9bd8f5f9fd00cbf285f6958181.jpg', 0, 1),
(98, 9, '41454710d9ee67d1bce071b0b64bfd1d.jpg', 0, 1),
(99, 9, '4d6d7d5edd09d2eff4aca5c339af2fe0.jpg', 0, 1),
(100, 9, '50b7ed77a74b9d1642f8222544307cb2.jpg', 0, 1),
(101, 9, '51f6ddfa106b1a3c6436451bd817d295.jpg', 0, 1),
(102, 9, '53e19512a4408e38588275cd11c8ef2c.jpg', 0, 1),
(103, 9, '5439c1f5f22dbb9d257b1f9581d0e330.jpg', 0, 1),
(104, 9, '550eb57e91edae57bb2f12ce250094d1.jpg', 0, 1),
(105, 9, '5e943da7b2e7ce78146f4e93257495ea.jpg', 0, 1),
(106, 9, '64434a95788749ba604742bdc36c4d3e.jpg', 0, 1),
(107, 9, '65758e5d8b40d12d6f27cbab23e642e9.jpg', 0, 1),
(108, 9, '6de0cc55e10ea876034bec5374a0d86c.jpg', 0, 1),
(109, 9, '74b59f89a8148f98f49d98e9719a347b.jpg', 0, 1),
(110, 9, '79cbcd016985bf2abe981cb79b121ed8.jpg', 0, 1),
(111, 9, '7d83e95adbc4a63f148da209b581381d.jpg', 0, 1),
(112, 9, '7e2196a21cdbf3d5e8c293186202dfeb.jpg', 0, 1),
(113, 9, '857783383288021be80cc74ea596c717.jpg', 0, 1),
(114, 9, '87a897a8908e6d7baec80912ff228d06.jpg', 0, 1),
(115, 9, '882d2afbaec4801ec2e8bec8781905ea.jpg', 0, 1),
(116, 9, '887d0b17bd6330b004cbd9cbdd08764e.jpg', 0, 1),
(117, 9, '8aa9fc368941d146bd70c8035d2d8c0e.jpg', 0, 1),
(118, 9, '97f2063a34cf3c62e37c2a847d8dbf98.jpg', 0, 1),
(119, 9, '98929b6d2cf3a3690f92eb69c4c4f44e.jpg', 0, 1),
(120, 9, '98ca93a3bb98f8c245b3469ba2e9e06a.jpg', 0, 1),
(121, 9, '9bc405b95bc59733d7c241d596689f0d.jpg', 0, 1),
(122, 9, '9f29198dc943923b853bedb63d9916c2.jpg', 0, 1),
(123, 9, '9f645555fe25b506884358a8e6335710.jpg', 0, 1),
(124, 9, 'a21d03fe762b4b1ba6f0f600d39dfa6a.jpg', 0, 1),
(125, 9, 'a7c3b826f086cad2dd3530da94aebe8b.jpg', 0, 1),
(126, 9, 'a86c658bbd2272147c0104c56a888e6f.jpg', 0, 1),
(127, 9, 'aa99ebf6cdc76dfe1f76e5e2ea89a4ad.jpg', 0, 1),
(128, 9, 'ad23a8bd964f7873ef9fe02bb0af31b3.jpg', 0, 1),
(129, 9, 'ae86e2b5ab2543867604c200fe76b335.jpg', 0, 1),
(130, 9, 'af3122eae202721580b5475c65c15c48.jpg', 0, 1),
(131, 9, 'b42ec314857b1eca5f537e0e00ff2cac.jpg', 0, 1),
(132, 9, 'b557310e58da9c1fb6d051060e71710b.jpg', 0, 1),
(133, 9, 'bfc21db1fb31b1d8163c08e94e3a4c54.jpg', 0, 1),
(134, 9, 'c062dacb8edc1792e0f60f3d9590f24c.jpg', 0, 1),
(135, 9, 'c24982008fcab5df8e6a75c53fdb9f0e.jpg', 0, 1),
(136, 9, 'd50d090f7a656d05c1147aadf15828ab.jpg', 0, 1),
(137, 9, 'd7cc5a3d33d8862611549af73777030c.jpg', 0, 1),
(138, 9, 'd8a093420885429cc788476c24f53907.jpg', 0, 1),
(139, 9, 'd94168531bf2f49d00aa933340e2574c.jpg', 0, 1),
(140, 9, 'db458c9f3c39963f17053d88d8eaece2.jpg', 0, 1),
(141, 9, 'db8e400f32d6d7b18c1cdfbeef6b77a9.jpg', 0, 1),
(142, 9, 'df5cf62fa141a2588a3eeb6822f4db68.jpg', 0, 1),
(143, 9, 'eb046fb44110bbe890d5733bd01572d4.jpg', 0, 1),
(144, 9, 'ec04b850c5521abd15b108d693f27fc1.jpg', 0, 1),
(145, 9, 'f12471e21c595400fa0f2e6670825611.jpg', 0, 1),
(146, 9, 'f6e15a63004a88ee34239987e226832b.jpg', 0, 1),
(147, 9, 'f85b458b70121b33f0f10a26249df41b.jpg', 0, 1),
(148, 9, 'ff473beef6e56cc30050648120325112.jpg', 0, 1),
(149, 10, '32564c24234ca62f03ee5a8ffeb17124.jpg', 0, 1),
(150, 10, '3efddd8c33fe94ab2039e30561445642.jpg', 0, 1),
(151, 10, 'a185df5b593140ca7d70070cbe29df90.jpg', 0, 1),
(152, 10, 'b648da95622bd5b03600e4c2ab7a3d57.jpg', 0, 1),
(153, 10, 'da0e5362ae36f6590490e0c1aa0d1d93.jpg', 0, 1),
(154, 11, '0ac4673f6d28b3f1d39db17863df06a3.jpg', 0, 1),
(155, 11, '26701362ce1273c8976b91c7abc3828d.jpg', 0, 1),
(156, 11, '2750861937965251a469ff8009a3e10f.jpg', 0, 1),
(157, 11, '45ffa5a641374008aea5a6f0cfa78719.jpg', 0, 1),
(158, 11, '483ff05a9735d9ce7b80452fad7cfabf.jpg', 0, 1),
(159, 11, '65be014149759bc3cf8aa0c228661046.jpg', 0, 1),
(160, 11, '696bf20cc01f871ddab847401f82c838.jpg', 0, 1),
(161, 11, '7708098d60a1807d7f47d79a166a8974.jpg', 0, 1),
(162, 11, '7813201765bfff1bd6ca95cc9995e977.jpg', 0, 1),
(163, 11, '80cd6f27f352b41ca4a7b49349b9b3ff.jpg', 0, 1),
(164, 11, '8e043626616b6edd38626b7516f83bbb.jpg', 0, 1),
(165, 11, 'a061a31eb7dd50eeb736af05453a1362.jpg', 0, 1),
(166, 11, 'b474c02fbb41b809c6dc9204716fce60.jpg', 0, 1),
(167, 11, 'b546695129b0fd12db35444aed67fc2e.jpg', 0, 1),
(168, 11, 'b79cdf8236a6fb497548605c8fd5f18c.jpg', 0, 1),
(169, 11, 'b87d88197e65f0d4e30b88a6e25613b7.jpg', 0, 1),
(170, 12, '021d03609fbcdd14a3423969a78f83c7.jpg', 0, 1),
(171, 12, '04411d3ca2d6d270d9a81663f63e93c6.jpg', 0, 1),
(172, 12, '06a6d889230d000d6fb2e910db835a3b.jpg', 0, 1),
(173, 12, '10b98528341c198f9ddd1541c7e2b9f5.jpg', 0, 1),
(174, 12, '10e98edbef6341c7b4c89cd76f274af3.jpg', 0, 1),
(175, 12, '1753e0bd7608fb82c43cadfe4fdc204f.jpg', 0, 1),
(176, 12, '3025ae347d6875be7eeed5027bf7ef85.jpg', 0, 1),
(177, 12, '37688641a818e35e6f17b74f8161a11e.jpg', 0, 1),
(178, 12, '3e46c00a321947585d5a508b917ee433.jpg', 0, 1),
(179, 12, '47850e2321ce21ff0b4158e47d7c7908.jpg', 0, 1),
(180, 12, '49af82c7673449018edc06fad1fcda0a.jpg', 0, 1),
(181, 12, '501318b27eedd67a8cb73b7dc5401a8f.jpg', 0, 1),
(182, 12, '682ea3724edc4a80290ea77cb6f0ff99.jpg', 0, 1),
(183, 12, '714d6a3a1b4cfc08ed4608f34a6189e0.jpg', 0, 1),
(184, 12, '85403eb8b2c5586d244b07b453932793.jpg', 0, 1),
(185, 12, '86caf356db9a989538df14f55eb3fc92.jpg', 0, 1),
(186, 12, '8e7bd0bcbdce0d73d660e1412ee6f205.jpg', 0, 1),
(187, 12, '90a341ad658c8bc301e7c0e2d88ccac3.jpg', 0, 1),
(188, 12, '95fe378f9fd5bb333619914e7891bc4a.jpg', 0, 1),
(189, 12, 'a9187b1db5d3cfd3e10f91e821c29580.jpg', 0, 1),
(190, 12, 'aaec503819812e62e40bb1259433955c.jpg', 0, 1),
(191, 12, 'ab0c980ce174cc41c035e1a26dea4239.jpg', 0, 1),
(192, 12, 'b29ad44561c146e2ab16c4a74919bf6a.jpg', 0, 1),
(193, 12, 'b3396dff8f58e8578fe3e85b5c92057b.jpg', 0, 1),
(194, 12, 'b9d49333b4cd9e207b1abca36fd00a31.jpg', 0, 1),
(195, 12, 'c722c10834a1d7e94e985351b04a98d3.jpg', 0, 1),
(196, 12, 'd771b521db15136e3bfe12ac14e28d5e.jpg', 0, 1),
(197, 12, 'df8553277991ee7948b9d7e1e7640dad.jpg', 0, 1),
(198, 12, 'e2e2e26867276d9b0f6febd3fc99ba83.jpg', 0, 1),
(199, 12, 'e42d3d59e6eb28f205f7caf90c343642.jpg', 0, 1),
(200, 12, 'e6305e39e730726608c6d0abba7cadf5.jpg', 0, 1),
(201, 12, 'e82bccc8c46c7d45b41c7c57842bda24.jpg', 0, 1),
(202, 12, 'ea1f941ff7174a12c7057c50209c51b2.jpg', 0, 1),
(203, 12, 'f300afc6b0cd1207807755a7069025fe.jpg', 0, 1),
(204, 12, 'f3ba9266940678f573542d27957c0aec.jpg', 0, 1),
(205, 12, 'f486a5e1b9d47edb23965b417e352f86.jpg', 0, 1),
(206, 13, '111aed0789ecf30028d942e63e063c2d.jpg', 0, 1),
(207, 13, '31c5882d2cd237297f7299d011c5a3b6.jpg', 0, 1),
(208, 13, '41ef362bfe1a8b7c4a93bb7b626d855d.jpg', 0, 1),
(209, 13, '561f15b6cc283d3ca6cfd408c60d2b2e.jpg', 0, 1),
(210, 13, '660d4bd60c7ae4a75cce137cb20ad207.jpg', 0, 1),
(211, 13, '6cddf06884c2b868312859fb9ca11cab.jpg', 0, 1),
(212, 13, '7bbfca4ed8bd316ffefda8f5a2857c54.jpg', 0, 1),
(213, 13, '7e4c66b4c3d40e384b1af0bbc5aa6e7b.jpg', 0, 1),
(214, 13, '80eaa4f77f0474785d7700423ce9ca05.jpg', 0, 1),
(215, 13, '8325142b61f0d74f1e603ecb6e2da639.jpg', 0, 1),
(216, 13, 'a1794ff71977bbb9efc6e06750005500.jpg', 0, 1),
(217, 13, 'b324eb30234fc0a92d63589095707791.jpg', 0, 1),
(218, 13, 'ba016162772531707d0d730f066ce54d.jpg', 0, 1),
(219, 13, 'bc36edf5caaded6775d8f2388bace70e.jpg', 0, 1),
(220, 13, 'c8dfa874aaea635c39654efd982fc5c4.jpg', 0, 1),
(221, 13, 'd4e8f963a03a2f6cf48e99de97cca71d.jpg', 0, 1),
(222, 13, 'e87a6bd70f33e19e0553699f52f992ee.jpg', 0, 1),
(223, 13, 'e9c6d615013b8b8b67d30517562dc8e1.jpg', 0, 1),
(224, 14, '297bd8c08a587adb30eb87d881583620.jpg', 0, 1),
(225, 14, '4e88d9e05fb4cf070bc708551b694dd5.jpg', 0, 1),
(226, 14, '74607b0e58d61cc9d1136551959cc176.jpg', 0, 1),
(227, 14, '7489870086f08173b89057dc339fbc7f.jpg', 0, 1),
(228, 14, 'de5f68dde2f0632520713fb8019f9279.jpg', 0, 1),
(229, 14, 'e231a3cfdf7d5e9c53112e162ccd357b.jpg', 0, 1),
(230, 14, 'fc89b7bf318344513205119fcfeff8b8.jpg', 0, 1),
(231, 15, '4d6905dda71cad6c19ddad45bc677389.jpg', 0, 1),
(232, 15, '7235ae7b540f33a1d80ee3805d3ab627.jpg', 0, 1),
(233, 15, '85e82e570632dd2e63b380ecdab38237.jpg', 0, 1),
(234, 15, '97c039bfa660f4ded487d3d4674f98da.jpg', 0, 1),
(235, 15, 'd45e5a5f83a8017c30cc30948c4e1302.jpg', 0, 1),
(236, 15, 'fc2e4987484d1a7861bd1054cf5b71d4.jpg', 0, 1),
(237, 16, '089fd7fb47608bd5cba3a60e19264d2a.jpg', 0, 1),
(238, 16, '1f8b09cb8fa4a6d2761e99ab0790ab1e.jpg', 0, 1),
(239, 16, '24f9ab50704254bee5214a8882de9502.jpg', 0, 1),
(240, 16, '251b8b8fe956e1bee397575e306f0eff.jpg', 0, 1),
(241, 16, '40b5b4f27424ecbebc540548d9a307b8.jpg', 0, 1),
(242, 16, '432391008d68afe2756071a1f2f56882.jpg', 0, 1),
(243, 16, '4d13bf3b9e3fa2a53e4ffc4a8f4f1c33.jpg', 0, 1),
(244, 16, '5a81d2da4cfff8fbf4c7c31fab3b0120.jpg', 0, 1),
(245, 16, '5dbb750922da593908eff40946faddd9.jpg', 0, 1),
(246, 16, '63a3e4fc22f48d4a1d875ab552482aaa.jpg', 0, 1),
(247, 16, '68e061f2bdb62ffd61aaf4204dd6c767.jpg', 0, 1),
(248, 16, '6b0d01653592812d1935c7cd3a652684.jpg', 0, 1),
(249, 16, '9b7ca4ffce3b48daa9a01c47adeddd32.jpg', 0, 1),
(250, 16, 'a3225e652a5fcf0c880d66143d32eb23.jpg', 0, 1),
(251, 16, 'c6174f53df0e2fe537519107eb2fd146.jpg', 0, 1),
(252, 16, 'e17295db775357f97de9b1d2e7c04981.jpg', 0, 1),
(253, 17, '0cd878c81013498b7228d863e320d09c.jpg', 0, 1),
(254, 17, '0d19e496907bab8289fb2bdbd38b1f38.jpg', 0, 1),
(255, 17, '1ece96887b8a7ee85a8a4515c919b63b.jpg', 0, 1),
(256, 17, '2c877c9eb4326a2c763a3601e178b552.jpg', 0, 1),
(257, 17, '37e0f13bcc2f20c11205c5377732c59a.jpg', 0, 1),
(258, 17, '705e53c5f38665fae7f292121d43ed10.jpg', 0, 1),
(259, 17, '7376cde88595b05bbf1f404665e38b1e.jpg', 0, 1),
(260, 18, '02aae8496c8831f22a81d7e4c5364349.jpg', 0, 1),
(261, 18, '14256528f97eb236f917710e378ebbe3.jpg', 0, 1),
(262, 18, '2f5b99533b6a28ccd20310af2987b485.jpg', 0, 1),
(263, 18, '3446e07f00191297e9b7e98aca19eff4.jpg', 0, 1),
(264, 18, '3db901058ca301ecb0cc423b474c9e5a.jpg', 0, 1),
(265, 18, '4c52d4af7e2a631b0049beb0b01d6608.jpg', 0, 1),
(266, 18, '7087bb88b32840ef323515e2a491facb.jpg', 0, 1),
(267, 18, '9a8162eccf07d4d0aa964dd56f28a7fa.jpg', 0, 1),
(268, 18, 'b40370505e7e33ea03b1a8c8cc28e616.jpg', 0, 1),
(269, 18, 'dd6e6cf15f06085e7a5a23e493a75a52.jpg', 0, 1),
(270, 18, 'ef24bed17db0e25d833b33f895a1f321.jpg', 0, 1),
(271, 18, 'fca950c68a9f4962bb63d54d23801ce4.jpg', 0, 1),
(272, 19, '0703c5e38e3de5ce2909173e7bd3f8d1.jpg', 0, 1),
(273, 19, '4706c8dd09372b9ecaf555898e2ca941.jpg', 0, 1),
(274, 19, '5c85a1199b62b0437dcccaec2ebdfe7d.jpg', 0, 1),
(275, 19, '687004a070ba6301890b9e4341c80235.jpg', 0, 1),
(276, 19, '8245c0a5298b75b67638fbfce423e568.jpg', 0, 1),
(277, 19, 'a00d1bf58ed99f29fa2f828369d9dc69.jpg', 0, 1),
(278, 19, 'a5dd05d76210871ef178c251d8f4bd3c.jpg', 0, 1),
(279, 19, 'bbe570653d6467fba3f5ce26dfd150ae.jpg', 0, 1),
(280, 19, 'c28e367cc7d9f912c81b4f660f192519.jpg', 0, 1),
(281, 19, 'c4b806d5777fe518137836671c39dc09.jpg', 0, 1),
(282, 19, 'c74553503712176a62c703f874483716.jpg', 0, 1),
(283, 19, 'de34b8aef8a7337e1822760a6a0c433c.jpg', 0, 1),
(284, 19, 'e2ef102861883d7b3e5e0dea3aa77486.jpg', 0, 1),
(285, 21, '1adcfca3e7f67e63182dfc3190c05d83.jpg', 0, 1),
(286, 21, '1facf1744c2ff85bd7b357c8e796a53d.jpg', 0, 1),
(287, 21, '240037d9e3ab5df4d56a7d7dcabb03f4.jpg', 0, 1),
(288, 21, '27c899ac24a14489b47fd7a772e6ca5a.jpg', 0, 1),
(289, 21, '34d8449c58ab551afb6e8a32769a8268.jpg', 0, 1),
(290, 21, '3d11cfc1e1441da513660da7cee45e26.jpg', 0, 1),
(291, 21, '4a75a6a4448738c037025de0bfaf9b0d.jpg', 0, 1),
(292, 21, '783244f7c6cc656cd402c154fefb322d.jpg', 0, 1),
(293, 21, '83d745103af8814407f8718994f94f79.jpg', 0, 1),
(294, 21, '8f4929f84d4633f7838d01c20087b9e7.jpg', 0, 1),
(295, 21, '90ee108ba160765a7fccbd3322992eb8.jpg', 0, 1),
(296, 21, 'a2e7cf2c11e33c48a01ac722b7f61ffa.jpg', 0, 1),
(297, 21, 'abb4582c78bd4e02f5190c2252410195.jpg', 0, 1),
(298, 21, 'b1d85fe5e7b9ce6cb822e108e0426a5e.jpg', 0, 1),
(299, 21, 'c743ec8c032879c9d68be176329453c6.jpg', 0, 1),
(300, 21, 'cc9d67c34673ae126d29c631bac0504f.jpg', 0, 1),
(301, 21, 'f50ff73cd22e41abdd14c7bc7cf45fd7.jpg', 0, 1),
(302, 22, '0d6f7b20699ba7a9881888317e871f5d.jpg', 0, 1),
(303, 22, '132009bcb5380bc066628d5169030f61.jpg', 0, 1),
(304, 22, '13d2e3100b6e129d4b9892c16119d652.jpg', 0, 1),
(305, 22, '15754abb322cebaffda273157f11401a.jpg', 0, 1),
(306, 22, '214728cfb6dbead9b42dc12517ad8965.jpg', 0, 1),
(307, 22, '21c268ab9c3d8ec6879d96d0288ba1da.jpg', 0, 1),
(308, 22, '2372782aa5cbcd75802555bf458cfaf3.jpg', 0, 1),
(309, 22, '24c8d027d359304bf819df64c82a7e86.jpg', 0, 1),
(310, 22, '25a434067cec0780eb5163271dfb83f6.jpg', 0, 1),
(311, 22, '29a2a7ecf6e5306a62df08059593e0cc.jpg', 0, 1),
(312, 22, '2d87d0071e5427e9b529260396ea21ab.jpg', 0, 1),
(313, 22, '3a6e37d8f7ff4cbb83fe019eb87edfd5.jpg', 0, 1),
(314, 22, '469f603bdf1a191d1443e6260a42461e.jpg', 0, 1),
(315, 22, '4f60b81acec687f73b7a2465a28d3210.jpg', 0, 1),
(316, 22, '4fe6526dc8d15a90d84434980560e53f.jpg', 0, 1),
(317, 22, '5ddca9b61a14d4f3b538c59d92e47e23.jpg', 0, 1),
(318, 22, '646ec914596f830061d602625c7bf5e7.jpg', 0, 1),
(319, 22, '65f946d8f35032feca3981a2fc3a934e.jpg', 0, 1),
(320, 22, '7384636a0dd7453cf1d32ea9063580a9.jpg', 0, 1),
(321, 22, '814761290524d05a6e33c1f52fe58fb5.jpg', 0, 1),
(322, 22, '8b7b977d6403ffa8573d7394e683f9a7.jpg', 0, 1),
(323, 22, '985f0a2c2e41840a9401c8eaa40ab903.jpg', 0, 1),
(324, 22, '98eac44f1e0e9f4672af62e71de06f10.jpg', 0, 1),
(325, 22, 'becd0597aaec5e6f3bffed61d2cb165d.jpg', 0, 1),
(326, 22, 'cc1fb8b324eb4f476502c324bad23fa8.jpg', 0, 1),
(327, 23, '0677f5f009062b9339774e361e5ec947.png', 0, 1),
(328, 23, '28f1ece6c8347a3dd9a28a0e62ec8111.png', 0, 1),
(329, 23, '4d45e04a2f08eb6a7b37ac679d7f5c76.jpg', 0, 1),
(330, 23, '878d12028f8b84bc8be68db59a8579d2.png', 0, 1),
(331, 23, '9482ef084b061bf6c5388d62a62fc9ec.png', 0, 1),
(332, 23, 'bab5e69112740821bf6a3e11249687f0.gif', 0, 1),
(333, 23, 'cfa02537493bd244ca82f4038f89b0c4.png', 0, 1),
(334, 23, 'dbfaf8dfdb29224eb1f4597efbfea787.png', 0, 1),
(335, 24, '07bef73c3b439f9905e1d359a1575d19.jpg', 0, 1),
(336, 24, 'a02827d513996953d9e8549b742c3954.jpg', 0, 1),
(337, 24, 'c428dfbf70477904d954698d95d75fc3.jpg', 0, 1),
(338, 25, 'ec578f9848b6e8e0cc831ddde1612b8b.jpg', 4, 1),
(339, 25, '24abfae491da8df392ca98c205f599d6.jpg', 5, 1),
(340, 25, '7e566f816eed95f9bdf1af56abe1de5b.jpg', 2, 1),
(341, 25, '770603ae6e55390b864dd26994ef1e86.jpg', 3, 1),
(342, 25, '15810d859f4ba6f38b8cef9820bb9b6b.jpg', 6, 1),
(343, 25, 'e984c7908fc90d28d4bb31bcdd711bc3.jpg', 1, 1),
(345, 26, 'e875c1bc4caf15f4424432a1284e7aa5.jpg', 0, 1),
(347, 27, '80410729e7e8256eb3eda5891f9b24de.jpg', 0, 1),
(348, 31, '637abb61294aa783cb8f0eb64dca7a8f.jpg', 1, 1),
(349, 31, '52ffc3f31d1a214f563355cdab24cca8.jpg', 3, 1),
(350, 31, '2592ebb5c16086fadd00adabf8f508e1.jpg', 6, 1),
(351, 31, 'adc5aa75448cbaa1358a94dcfdfba22e.jpg', 7, 1),
(354, 31, 'fb48ec2df5dbf7efc80eca61074da96f.jpg', 13, 1),
(357, 31, '8f0824e5e37757b23badf9f800eb397b.jpg', 14, 1),
(359, 31, '7b37189c7b1f4732d0c4b61779335400.jpg', 11, 1),
(361, 31, 'ff36f25b76090e8b3569410ea57861b2.jpg', 20, 1),
(362, 31, '8c589aeddf21a8ba20b380c9416bcb49.jpg', 21, 1),
(364, 31, '08a450bf3e88b14882868e84e8e62936.jpg', 23, 1),
(365, 31, 'b01141f2b5b28b6a32139c4ab4b8daa5.jpg', 24, 1),
(366, 31, 'f8570aa5ed423aaddab306548a666790.jpg', 16, 1),
(367, 31, '02c5842d353478114c10029b94405d30.jpg', 17, 1),
(369, 31, '7b2415c1425bef86461fd0c411efc638.jpg', 2, 1),
(370, 31, '1faf8aa0787608f4f6a32269a02d2dca.jpg', 4, 1),
(371, 31, '3f16147be917167fb997012e50f0eaf5.jpg', 5, 1),
(374, 31, 'a1b0e941127b8aadf3b52a64ce914f75.jpg', 12, 1),
(377, 31, '5d8298146a157c7ed4fa282176aefad4.jpg', 18, 1),
(378, 31, 'a8270303432fccf1d3a3a185d6dda84f.jpg', 19, 1),
(379, 31, 'a8270303432fccf1d3a3a185d6dda84f.jpg', 15, 1),
(380, 32, 'c3275c30190817a77250fa743f4c2516.jpg', 0, 1),
(381, 32, 'c66f166414ef6b13aa062b5ee7587706.jpg', 0, 1),
(382, 31, 'a96ce58ccb7bef5c49266e6907f2b6ea.jpg', 0, 1),
(383, 31, 'edefd9b49d36dc863251ce403dbfbf78.jpg', 0, 1),
(384, 31, 'ff36f25b76090e8b3569410ea57861b2.jpg', 0, 1),
(385, 6, 'e75354c9fc75bb0267e830427bcb6166.jpg', 5, 1),
(388, NULL, '20108b2e51f9fb74ad188a2bef8ed91c.png', 0, 1),
(389, 34, '7c069b37d4ef067c983ba78de3b0fe86.jpg', 0, 1),
(390, 34, 'fa4477dc93ef97ee9e9bb22830d0f41b.jpg', 0, 1),
(391, 34, '92f54c42babe30c3e63e5136a662ba9e.jpg', 0, 1),
(392, 34, 'dd4b41960aec1318b2798ff492a821de.jpg', 0, 1),
(394, 34, '034322676b168b661fe15b27170ffb18.jpg', 0, 0),
(395, 34, '5a1aceddafe250a90ee990bc1dbcb5ab.jpg', 0, 1),
(396, 35, '80410729e7e8256eb3eda5891f9b24de.jpg', 0, 1),
(397, 35, '034322676b168b661fe15b27170ffb18.jpg', 0, 1),
(399, 35, '20108b2e51f9fb74ad188a2bef8ed91c.png', 0, 1),
(402, 35, 'e875c1bc4caf15f4424432a1284e7aa5.jpg', 0, 1),
(403, 35, '7376cde88595b05bbf1f404665e38b1e.jpg', 0, 1),
(404, 34, '20108b2e51f9fb74ad188a2bef8ed91c.png', 0, 0),
(405, 44, '15db9829124bb314d3cb920695fe2677.png', 1, 0),
(407, 44, 'df3baa40baab1d6fb4abf3875d0a540c.jpg', 3, 1),
(408, 44, '0c50947efbcad8285a5bf039720576d8.jpg', 13, 1),
(410, 44, '9bd1c6642d299e3d3f4f6e6d3799f9d9.jpg', 17, 1),
(411, 44, 'c569ae884238160f7865326d6d0eec64.jpg', 20, 1),
(412, 44, 'ebf885f28f6a6f6b3d94b77ae7b49e8f.jpg', 23, 1),
(413, 44, 'b6291b1cadfb57b89142255b5c9bf8e2.jpg', 25, 1),
(414, 44, '5d4b6f29f2f770993acaf8828690d518.jpg', 2, 1),
(415, 44, 'cf3e8edc24cba243d70116867a3c8ff1.jpg', 27, 1),
(416, 44, 'a7cbe254146234c9b8a825bcddbe854b.jpg', 29, 1),
(417, 44, 'ce628caa012b51bc2c8fcf1a28f99d9c.jpg', 31, 1),
(418, 44, '5436cc2a5dc1e11b2f3abc3016c38615.jpg', 33, 1),
(419, 44, 'c3e9f0915e421dbe2743ad85c20071c1.jpg', 35, 1),
(420, 44, '9e40a57390e2bfcff8f6d36235cb91ff.jpg', 37, 1),
(421, 44, 'a806ebd86406acdc6ddd4e3be786e496.jpg', 6, 1),
(423, 44, '53b789cef9ab6476400a885a3c807522.jpg', 9, 1),
(425, 44, 'eac69bf72f23c5c7f161a178fdfc8477.jpg', 11, 1),
(426, 44, 'b53e547016d24a2dbba45bf59461a850.jpg', 14, 1),
(428, 44, '994e7a6b9e11b5566bd7c52bd6a184c1.jpg', 18, 1),
(429, 44, '73cb63afc5f34918aadf5dc39974bcd8.jpg', 21, 1),
(430, 44, 'a64951c9d20681a1ffa571727aac6966.jpg', 24, 1),
(431, 44, '0c50947efbcad8285a5bf039720576d8.jpg', 4, 1),
(432, 44, '8fde8783889ce500f97a0d73e60f7502.jpg', 26, 1),
(433, 44, '7061806c66886f9254f75e482412a181.jpg', 28, 1),
(434, 44, 'bf2e9b04d5668949e175f7227f8d542f.jpg', 30, 1),
(435, 44, '5a50332178cdeef3696f6b9a5e85411b.jpg', 32, 1),
(436, 44, '1140fc7769d4eac4e50438e907d255a6.jpg', 34, 1),
(437, 44, 'bb04e70c8005877dc2e97b4992665dbf.jpg', 36, 1),
(438, 44, '3cf1f027ab1229ab1599f38f0baa7f93.jpg', 38, 1),
(439, 44, 'b3ff2eeb2606146d49e029bb3318c3e4.jpg', 7, 1),
(440, 44, '3f05ba914f901b404ef25b2634138c9e.jpg', 10, 1),
(441, 44, '9e552603774371645f94e65181f30c77.jpg', 12, 1),
(442, 44, '5fd70dcd0a15a7a56a48b9a1420b1150.jpg', 5, 1),
(443, 44, '1e5b4d03d9eb20aa1beb23ac8778f24e.jpg', 16, 1),
(445, 44, '42839546fbc575e0696839c86c634101.jpg', 19, 1),
(446, 44, 'c8a9476ed6c090128d3ebcc5d5fc6d7c.jpg', 22, 1),
(447, 45, 'af33e67d53874430dfb790973e72cb9d.jpg', 3, 1),
(448, 45, '9b59123efb98eb73844d0230ffa242da.jpg', 4, 1),
(449, 45, '564aa3bfa56e20eee4ff3c948abb3ae7.jpg', 5, 1),
(450, 45, '	d597c598defe206ee154d1e5a5363e39.jpg', 6, 1),
(451, 45, 'acc162a8e352865d9f3bc5cf9dd4f47d.jpg', 7, 1),
(452, 45, 'eaf04c6446d093d2f32688f94a1f108c.jpg', 8, 1),
(453, 45, '878127be52d59d058acff550401f5cdd.jpg', 1, 1),
(454, 45, 'f929c6cd2ea27120db16b361dbfe7435.jpg', 2, 1),
(455, 45, '38ae7fac8033f6c84354557786652a0f.jpg', 9, 1),
(456, 45, '7892a038ed51b711e9ea1f9b2f685ef9.png', 0, 0),
(457, 46, '2c5fe96ae04dc0e2bdd38cf65538e745.jpg', 2, 1),
(458, 46, '1dd612123c336d3d25df967e66211022.jpg', 3, 1),
(459, 46, 'a7eae0969de3419936cf2686d984bcda.jpg', 4, 1),
(460, 46, 'f96a818d138ed6f9e991fda862374e64.jpg', 5, 1),
(461, 46, 'b6e86f67885084cf01cdcc102398af04.jpg', 6, 1),
(462, 46, '2e8670553b4b70676124e8b36f18dd7d.jpg', 7, 1),
(463, 46, 'e91425acc281e639070d819205babdf3.jpg', 9, 1),
(464, 46, 'e6aa93fd92d7b45acb2aaecec243246f.jpg', 10, 1),
(465, 46, '2d638a49693d3896134c14aec06556ea.jpg', 11, 1),
(466, 46, '3c26c1695c14231d57babbb3d532d05f.jpg', 8, 1),
(467, 46, '849d7f1d78e22f9677e5a1e202a2379b.jpg', 12, 1),
(468, 46, '6eb3b94a39100fa4fdaf6d22e28a728e.jpg', 13, 1),
(469, 46, 'cba5da428a7ce20abf623b799a799496.jpg', 14, 1),
(470, 46, '4b5a8020aa6316cd7dfdba54a004d44c.jpg', 15, 1),
(471, 46, '1e35db8237eff71b31b31e2667843625.jpg', 16, 1),
(472, 46, 'b709ded7a42aee0281e4547ae5939652.jpg', 17, 1),
(473, 46, '517f835a4c9fe1b6ce67dae0df4ae8be.jpg', 18, 1),
(474, 46, '998c1bbb4b1ed4abe97019f0bb246e4c.jpg', 1, 1),
(486, 47, '0e56b42a16ea750ecac6c4183b3493dd.png', 0, 1),
(487, 47, 'aab6ddd1f63ac243a1be2891ce035dd5.png', 0, 1),
(488, 47, 'c79ac845a29017615755f15e3b6d536e.png', 0, 1),
(489, 47, '93dbe0bbbac66d178ba98e78214b8b85.png', 0, 1),
(490, 47, 'c86d721130a1d7c1e381b98fd53157ad.png', 0, 1),
(491, 47, '245c591574bd99386bf04deef0912038.png', 0, 1),
(492, 47, 'b75c20eb1852446e2c62511f209a651a.png', 0, 1),
(493, 47, '84ff23427002003ade403765ba1cea5a.png', 0, 1),
(494, 47, 'b5660805dd93ab956e812430d2029e43.png', 0, 1),
(495, 47, '83ced392c8690309d4c5673328744465.png', 0, 1),
(496, 47, 'f4aea414651ca4beb1b907478d1b5550.png', 0, 1),
(497, 47, 'ada435e94d0ef4bd54c15aa7e77ebc1a.png', 0, 1),
(498, 46, 'adf6ec7c6fbbe4814617cde9707f7765.png', 0, 0),
(520, 48, '8f0db7eeed133401d954333382522c84.jpg', 1, 1),
(521, 48, '72f898392084f7b17c0b4fad445855af.jpg', 3, 1),
(522, 48, '21680f1ee22a4be2e0b888aa4b444448.jpg', 5, 1),
(523, 48, 'efc60fc252de8e2ade360c1425e1fe55.jpg', 6, 1),
(524, 48, '44d2eec526135225a18a60434337bdc2.jpg', 9, 1),
(525, 48, '610d02e5d40c05c27e9cb9ff38471068.jpg', 10, 1),
(526, 48, 'a2c5b2c23afc92af68eb1d9b70cf4c32.jpg', 11, 1),
(527, 48, '1564db76e6fe078427c5b3b6ec9f44bd.jpg', 12, 1),
(528, 48, 'f1cd7a4a548e6d1d5da57d33a790ace6.jpg', 13, 1),
(529, 48, 'd8d7a4a90482b4c262141e3e9595f1fb.jpg', 14, 1),
(530, 48, 'd80cdd6d87cf1cffe466bb59b8828a98.jpg', 15, 1),
(531, 48, '42dc335bd0a21790f5c06e49a2b8b281.jpg', 16, 1),
(532, 48, '77e80e690a614c9e96976afdeb1c1d2a.jpg', 17, 1),
(533, 48, '6921cfe1002c32d61485779932cca89b.jpg', 18, 1),
(534, 48, 'fea871fbe6abe76913232f0b7928eb1f.jpg', 19, 1),
(535, 48, '0659493aa391e8901a077ff99e31596a.jpg', 20, 1),
(536, 48, '89d69af2538219024a6a60da3fd19db4.jpg', 2, 1),
(537, 48, '5632a47d00ba652eaf98f6949b76b36f.jpg', 4, 1),
(538, 48, 'a278159749ce074bec99403a128c0a55.jpg', 7, 1),
(539, 48, 'bc49698184d183940468e7a1640c230d.jpg', 8, 1),
(549, 46, '7892a038ed51b711e9ea1f9b2f685ef9.png', 0, 0),
(550, 50, '303818ff7cfd32336b6450b64cfcd4fb.png', 1, 1),
(551, 50, '5d85755b84f4afea1dbd7d645f75fde4.jpg', 2, 1),
(552, 50, 'a2bf077183cb739d333b910c6ffe5727.jpg', 3, 1),
(553, 50, 'dafaee7cd212f642d84be83c8fcdbb85.jpg', 4, 1),
(554, 50, '21e8b4e23a2afda16d10ae793cc413cd.jpg', 5, 1),
(555, 50, 'c5b711da55ebdb543a4e6455abd0592b.jpg', 6, 1),
(556, 50, '615483f657f513f38ac7b4ec9a580cc0.jpg', 7, 1),
(557, 50, '174513923a5999d77c11d1cf9d93486d.jpg', 8, 1),
(558, 50, 'd0864cadcba880c2c298a4356a2af57e.jpg', 10, 1),
(559, 50, 'd745a9ee04e2c9794052a7f11d74480f.jpg', 9, 1),
(560, 50, 'e6ad597ab507a4bd48f7e50c8bf3931a.jpg', 0, 1),
(561, 50, '1681b82ce9426be65fa3c21e7461d4d8.jpg', 0, 1),
(562, 50, '9c44d4d8ccf8cfafb5a8300920c3045d.jpg', 0, 1),
(563, 50, '298b817d81ec2206db7099dd91ccd269.jpg', 0, 1),
(564, 50, '537925fb43da053428c948d2a55b2680.jpg', 0, 1),
(565, 51, 'aab4d58dc3d533e4c2a58991e6032e4e.jpg', 0, 1),
(566, 51, 'c4de5fbb98c77ef0464492b682a819f1.jpg', 0, 1),
(567, 51, 'e87ce04e04bd99f14e74cb942c08cf53.jpg', 0, 1),
(568, 51, '1b4ab6683df3009c8259370eb638c9e9.jpg', 0, 1),
(569, 51, '938be7e0201a78d486e8319849a0e60a.jpg', 0, 1),
(570, 52, '402ae16c6ce5e9848d149b67bee286d2.jpg', 0, 1),
(571, 52, 'c4970807f1b8b7d713f936f3f7d6373e.jpg', 0, 1),
(572, 52, 'a963155ea9cdc25595a34e17a44fce44.jpg', 0, 1),
(573, 52, '64c9c99f843cbf5f920645a0ac9418f5.jpg', 0, 1),
(574, 52, '0b079e726a2019d401881a64f1da8225.jpg', 0, 1),
(575, 52, '7c3697ffb9436ca07202f23b16127af7.jpg', 0, 1),
(576, 52, '9bb9177e624ace4a01f77af7596f261f.jpg', 0, 1),
(577, 52, '81e33bf612e09727e6107e30ed90df28.jpg', 0, 1),
(578, 52, '8fec727afae4908578bb0355ddbc60dc.jpg', 0, 1),
(579, 52, '81ff6b19e235cfb22b9814efe04ac0f7.jpg', 0, 1),
(580, 52, '0a669626d2c6a1c9dd6d7940a3772e7d.jpg', 0, 1),
(581, 52, 'ce49f4dd66023eecad436ce79dc8ec45.jpg', 0, 1),
(582, 52, 'e0e3aa3c0ffa9b00f0e20b94cd1ae089.jpg', 0, 1),
(583, 52, 'b4d4c3d926ea14fd88c556216d7e426e.jpg', 0, 1),
(584, 52, '2f4261ddf5e7043adaea0112172d1c6a.jpg', 0, 1),
(585, 52, '5d064da9ddf003b584132fdfbfcbaa26.jpg', 0, 1),
(586, 52, 'ac2085a783458fb71c5a8bbdfa886fd7.jpg', 0, 1),
(587, 52, 'ea1390c3559243f9890e28a4959e134d.jpg', 0, 1),
(588, 52, '79d1a963c99ddc297a43bb91e4b6706b.jpg', 0, 1),
(589, 52, 'd4c7993cf8b0bacbd47163693a29d508.jpg', 0, 1),
(590, 52, 'd4511e0337560c91e38769d4b034c91e.jpg', 0, 1),
(591, 52, '2194eb2dc55e16b0ab4806071f3179c9.jpg', 0, 1),
(592, 53, 'da29f5df4952e358912ab2dad9da11c8.jpg', 0, 1),
(593, 53, '07523760638f77c1ce225f654e79eb80.jpg', 0, 1),
(594, 53, '65fc8f92b8123ff1628d37499f34deaf.jpg', 0, 1),
(595, 53, '2d596dede757f75d82f6b010a3862ede.jpg', 0, 1),
(596, 53, 'd38f6c9bc3c3670745a82e8360ee5bb0.jpg', 0, 1),
(597, 53, 'b3c53bd39c88dc53a6f04a32cc5ec554.jpg', 0, 1),
(598, 53, 'ee80169387e1fdaf0ed0e9e61850e7cb.jpg', 0, 1),
(599, 53, 'f79e1b5da753f4cd7aa8582c4e852467.jpg', 0, 1),
(600, 53, 'b673c797d66d1633dceec7751401cb05.png', 0, 0),
(747, 54, '00e11e2bb529b47748e7ea99b0f18cb0.jpg', 0, 1),
(748, 54, '028641218fd83d61d03277c7cdcef14a.jpg', 0, 1),
(749, 54, '03a2c2b430349f30f01104db68f2a5ae.jpg', 0, 1),
(750, 54, '06414dc4a938c8128a12722c1105b50e.jpg', 0, 1),
(751, 54, '0a9294ac29150fb6dac992e4ff26d9b9.jpg', 0, 1),
(752, 54, '0b3210136a0a0849f5bf30cc7155b310.jpg', 0, 1),
(753, 54, '0caa23d8fc7b20fd07e50632ff5214e5.jpg', 0, 1),
(754, 54, '0ce438462a9f592afac23d588dbb3b3a.jpg', 0, 1),
(755, 54, '10903c9de096d217c41271a7569662ad.jpg', 0, 1),
(756, 54, '1452c18cc6d768aa544d68320718a738.jpg', 0, 1),
(757, 54, '16d945dd2d92d150a34f3b03e7e57b04.jpg', 0, 1),
(758, 54, '174048fe5e354434c5a5f51535afdae6.jpg', 0, 1),
(759, 54, '19bff77335be08618dd0fa5a926da029.jpg', 0, 1),
(760, 54, '1c432027ae968b0ef3f7a6a4033f9dae.jpg', 0, 1),
(761, 54, '1d2762b6f478423b82269f9a68bb3c8b.jpg', 0, 1),
(762, 54, '1e957f2e88b0126737610c5c4440151b.jpg', 0, 1),
(763, 54, '1ea0c116ee0620d941f3ba8ee4908c87.jpg', 0, 1),
(764, 54, '2153eccab649a22e746a893cca757cfb.jpg', 0, 1),
(765, 54, '23a1e43476a76470151862a71d0822f8.jpg', 0, 1),
(766, 54, '23a86d6a75c04705cf9dcb757372bc31.jpg', 0, 1),
(767, 54, '240df1ffa16f39c7bf5a4013bbe339ed.jpg', 0, 1),
(768, 54, '2562c161c031a10d194b3bd125d6cc33.jpg', 0, 1),
(769, 54, '269d22a8071481e49adf2446215c0284.jpg', 0, 1),
(770, 54, '2d57e0cf09a04ae21cebb1014280c861.jpg', 0, 1),
(771, 54, '2ee6a9b9a5c2e07d2768637d540f0c00.jpg', 0, 1),
(772, 54, '302fc1ad8b4a4d2084407ff2ce89996c.jpg', 0, 1),
(773, 54, '3230582b661ca99861b3b9752c8c224a.jpg', 0, 1),
(774, 54, '34408fa4bf0d8c19ac3b45ef7311488c.jpg', 0, 1),
(775, 54, '348f0f7fe084aa095113b6e08de44eb5.jpg', 0, 1),
(776, 54, '34b2bf8cf9cef75ce8c1fc368cf9d434.jpg', 0, 1),
(777, 54, '360a9597bc1aadaae9471436b8abca0e.jpg', 0, 1),
(778, 54, '36b677f37aaa5df9cbf7a1fe931ee5a2.jpg', 0, 1),
(779, 54, '398f8ecf614e41fd79cd7ce5f5731eda.jpg', 0, 1),
(780, 54, '3bcf42ecc6e2c2dc7db445a6b8b393f5.jpg', 0, 1),
(781, 54, '3c3f46b676e4539b84d7e374c4eea68d.jpg', 0, 1),
(782, 54, '3eff550cf5b9f209ddae1a48d3b382a0.jpg', 0, 1),
(783, 54, '3f8116f6019469b7c649760c54328d81.jpg', 0, 1),
(784, 54, '3fd497695c78652a6c618d08815ba040.jpg', 0, 1),
(785, 54, '3ffdab81dc1b9841637dd941a60908d0.jpg', 0, 1),
(786, 54, '401f1719ecae33f5f25effd0da7db10e.jpg', 0, 1),
(787, 54, '42204789ca07317f090fcc4892585ffc.jpg', 0, 1),
(788, 54, '4423a626e3d9495188c075fcdd041479.jpg', 0, 1),
(789, 54, '471d4c55546307ebc5ab2f8168e7b398.jpg', 0, 1),
(790, 54, '49a2a2fb5ad98cf067c8758e087d0976.jpg', 0, 1),
(791, 54, '4a8fafc77250dacec2da9f8c253310ef.jpg', 0, 1),
(792, 54, '4db2fa2dd013f19e0341da43715656ca.jpg', 0, 1),
(793, 54, '4e67eb3218d438bf0a847a1fa0272c47.jpg', 0, 1),
(794, 54, '4f12ee87c04b9b5c225e2ed7f783f4b0.jpg', 0, 1),
(795, 54, '4f47a3d9b2388c43888940aeb4bb3812.jpg', 0, 1),
(796, 54, '51dd15241e4befb886396b12a874605c.jpg', 0, 1),
(797, 54, '5239faab32319dd1337a21ce08fe6041.jpg', 0, 1),
(798, 54, '529af658fd2d0a6217dfd6edacde2c31.jpg', 0, 1),
(799, 54, '5406bb16a6ebb004eeaed3546a134fc1.jpg', 0, 1),
(800, 54, '574e9133ff25239a0c47df54f36568d0.jpg', 0, 1),
(801, 54, '57a3a8cbd363fb4150dbcd17dd3d4492.jpg', 0, 1),
(802, 54, '581600166de8728c35c5f1e1199c3334.jpg', 0, 1),
(803, 54, '5861f30e82b51c6dafaea83dff5a5c7c.jpg', 0, 1),
(804, 54, '588b26aa1b8c2dca87ba0e0af11f766b.jpg', 0, 1),
(805, 54, '5948b6e21ba28473139005dd512f70b1.jpg', 0, 1),
(806, 54, '5a90ff0a47f2a10fd1e1a62aec20eccc.jpg', 0, 1),
(807, 54, '5af50a0542c950e16c3410f8ac369b48.jpg', 0, 1),
(808, 54, '5c5e7b993c842a047617ba9a9bbf770e.jpg', 0, 1),
(809, 54, '5d4bfcd82f71280ca3a9b52db6eb7fee.jpg', 0, 1),
(810, 54, '5ed7f7adef56d8edb7b2713b50bf058b.jpg', 0, 1),
(811, 54, '607297e2a1066206e4de3aeafd645888.jpg', 0, 1),
(812, 54, '615d70c8c2bcc85bc10c21b5e94c8258.jpg', 0, 1),
(813, 54, '636fb983dd4f560a4a83a0226b9b2097.jpg', 0, 1),
(814, 54, '6376c30132e3fecf7254f566e7e9153d.jpg', 0, 1),
(815, 54, '649f25d075fdf3199421e6fc4a36fe2f.jpg', 0, 1),
(816, 54, '669aa35d69a7828f00cbbd1c9666523f.jpg', 0, 1),
(817, 54, '669fb5496d73a7c7f35badbdb85db97d.jpg', 0, 1),
(818, 54, '67f97dc63bf1d0bb3d679e376381a31d.jpg', 0, 1),
(819, 54, '6b44f4aed0ccb84cc4a1f2f84548ff9b.jpg', 0, 1),
(820, 54, '6b46c34c275c26c0a3e28f5d9a79059a.jpg', 0, 1),
(821, 54, '6bebcb7758cc7fa06889cfa497a6ebc5.jpg', 0, 1),
(822, 54, '6c8eb07fbb117e4620d26ab763ab531b.jpg', 0, 1),
(823, 54, '6d67e3d0449363892efb2d7c3e00a51a.jpg', 0, 1),
(824, 54, '6da15a499e880537a19e8b3b263bf695.jpg', 0, 1),
(825, 54, '6f6da457823c1f1f5d092d529b0bace9.jpg', 0, 1),
(826, 54, '74e99146357a89562c597367160d6ec8.jpg', 0, 1),
(827, 54, '7557f72f51b8b03ab91c15fe8f8c47b9.jpg', 0, 1),
(828, 54, '75bebbf8949a7edec66dcae6e271f2fa.jpg', 0, 1),
(829, 54, '765c65ab0a9a7bb9a6b52bbd44973096.jpg', 0, 1),
(830, 54, '779f868f250d012477bbccc33105bf97.jpg', 0, 1),
(831, 54, '78784f698410f26c2952129ae9960949.jpg', 0, 1),
(832, 54, '79124fd9b9c601f811cbf4d8e177272e.jpg', 0, 1),
(833, 54, '7933765d4006ca016bd8c7a0223efaf7.jpg', 0, 1),
(834, 54, '7964ac6f6c4d10e56c0bd10763de9728.jpg', 0, 1),
(835, 54, '7aa8d22e206e626f2df15fae8e156725.jpg', 0, 1),
(836, 54, '7abe2c072e7c2da41f5f96f2377c769f.jpg', 0, 1),
(837, 54, '7ac8671733e6b84758009eb3536d1d6b.jpg', 0, 1),
(838, 54, '7c199f3200d07e144baee4225c24a3a4.jpg', 0, 1),
(839, 54, '80d68e97f617ea23aea5fc05120b77eb.jpg', 0, 1),
(840, 54, '836cdb50d0bd45e6f5f048086a609ffb.jpg', 0, 1),
(841, 54, '84a20df502cbb63f80139c2541b931b2.jpg', 0, 1),
(842, 54, '84c019845568b767755ba27f648ae753.jpg', 0, 1),
(843, 54, '883059e96b1c9d5b4fcb05837f6959c0.jpg', 0, 1),
(844, 54, '8a58e0f2ac4651c82aa57e9bb87588eb.jpg', 0, 1),
(845, 54, '8ba0e44f02dafdb458624312e7bb87fb.jpg', 0, 1),
(846, 54, '8eb775ae0d73de4c19bddf4b92afed77.jpg', 0, 1),
(847, 54, '8f2174f1815a4a89ca66e2f83c24ba07.jpg', 0, 1),
(848, 54, '8f4e39ed3c014e7359f75933f0e6da34.jpg', 0, 1),
(849, 54, '8fb80e8546625a47a683f69940d87348.jpg', 0, 1),
(850, 54, '91c8dd0f58a6404a3cba443826813c25.jpg', 0, 1),
(851, 54, '94a51a468f0b9809940b28b3275b770b.jpg', 0, 1),
(852, 54, '95015dbcf49cf94fed52b6dd9abf2b70.jpg', 0, 1),
(853, 54, '9657d00cd42a6fb842bcd7e9d79265f5.jpg', 0, 1),
(854, 54, '98cfb796239b8254231d831b929c9720.jpg', 0, 1),
(855, 54, '9c6c8c35e8fe91aa58291132621c0ca0.jpg', 0, 1),
(856, 54, 'a04e1072b1ba47febcc7670f1fcd6715.jpg', 0, 1),
(857, 54, 'a2431a77901a597dd6d69c3b11a5a622.jpg', 0, 1),
(858, 54, 'a3e9925c48bc579531ef4253647a86e7.jpg', 0, 1),
(859, 54, 'a68c13c2438994a1ecea3896fed2a85f.jpg', 0, 1),
(860, 54, 'b098819392f961ec9d34657f2261f8c3.jpg', 0, 1),
(861, 54, 'b4aec42ec30313ed95087f416573662f.jpg', 0, 1),
(862, 54, 'b4f246964165ca5fa1a5ecc06a11e050.jpg', 0, 1),
(863, 54, 'b53a55f5fb93ba7888604932c700a83e.jpg', 0, 1),
(864, 54, 'b62642d9f3bc0dd19215410c890e3207.jpg', 0, 1),
(865, 54, 'b9a3b11045b7e1bb6a2c9be99ea27f43.jpg', 0, 1),
(866, 54, 'bc3ed396c103c381fd8c8b2dc19f7242.jpg', 0, 1),
(867, 54, 'bcddfc510f4bca818b59fbb0f092097c.jpg', 0, 1),
(868, 54, 'bd45d760e639d6e6d73b028afc22c213.jpg', 0, 1),
(869, 54, 'bd66515afcc2304a5cea63444da82e2d.jpg', 0, 1),
(870, 54, 'bd804cd1a31f133bd46851060b5a6fd9.jpg', 0, 1),
(871, 54, 'be9cedd97c8ec4a8729150fc2e065440.jpg', 0, 1),
(872, 54, 'c1ffd7119f1c3312956360529abd9e90.jpg', 0, 1),
(873, 54, 'c24d16a202f17a3dacae00c7978e8b29.jpg', 0, 1),
(874, 54, 'c4d851b201f476238076f75625a7f032.jpg', 0, 1),
(875, 54, 'c538e9cbd11f4727275902bc78e97554.jpg', 0, 1),
(876, 54, 'c57e9067113b7089cac9669eb78c2533.jpg', 0, 1),
(877, 54, 'ca27889e09d16b23cdbef8cb11ec0fa5.jpg', 0, 1),
(878, 54, 'cc3ef0e3624294589406832c439916d3.jpg', 0, 1),
(879, 54, 'cd75affeb91f26a80330e043c1130c78.jpg', 0, 1),
(880, 54, 'd1b3cbcfc768964d2639804fd5e6c5c5.jpg', 0, 1),
(881, 54, 'd3d0c01fb86dba50a2550ad2b0b93fe7.jpg', 0, 1),
(882, 54, 'd4a92b10c5135a5eedf6cccac660b0b7.jpg', 0, 1),
(883, 54, 'd5957db64212f8f55c5da82262e43717.jpg', 0, 1),
(884, 54, 'd8036a8472ff27e1785509fd0813136f.jpg', 0, 1),
(885, 54, 'dd0b7f6920aa521fc1161abf244c009c.jpg', 0, 1),
(886, 54, 'dd123aa81ae3d298869c54023c6346a1.jpg', 0, 1),
(887, 54, 'deb1f9780815bebaa8c16cc42c933f8c.jpg', 0, 1),
(888, 54, 'defc0624b1f52274955261a21e76b08a.jpg', 0, 1),
(889, 54, 'df02e929d353a6508aa1441d4669b3f4.jpg', 0, 1),
(890, 54, 'e41c8fbc79fe8d8ef01b49b553794d5d.jpg', 0, 1),
(891, 54, 'e6a98259d7fe14ba509b53cf6856d316.jpg', 0, 1),
(892, 54, 'e6ed9e17bdb9e1ccc6033397cc5fe3fb.jpg', 0, 1),
(893, 54, 'e99d3bc22e5a43b3067a59eaf92a91cb.jpg', 0, 1),
(894, 54, 'ed4117e2e6fd160b56310b8b62d7b1f6.jpg', 0, 1),
(895, 54, 'edfae90af6aaf032c20c5529dc154cec.jpg', 0, 1),
(896, 54, 'f39dc98ad02de43bc6c29f9e27d7d3fc.jpg', 0, 1),
(897, 54, 'fd56e0e90265880be6d85148fa364cb9.jpg', 0, 1),
(898, 55, 'a57345a08e52b32373f00d6286256a50.jpg', 0, 1),
(899, 55, '40e67754abd9de461166ea8332c63f06.jpg', 0, 1),
(900, 55, '1e60db1285e41374f86f1bdd6a30f48e.jpg', 0, 1),
(901, 55, 'acbf196929756a700d1b07a3f3fb1515.jpg', 0, 1),
(902, 54, '00e11e2bb529b47748e7ea99b0f18cb0.jpg', 0, 1),
(903, 54, '028641218fd83d61d03277c7cdcef14a.jpg', 0, 1),
(904, 54, '03a2c2b430349f30f01104db68f2a5ae.jpg', 0, 1),
(905, 54, '06414dc4a938c8128a12722c1105b50e.jpg', 0, 1),
(906, 54, '0a9294ac29150fb6dac992e4ff26d9b9.jpg', 0, 1),
(907, 54, '0b3210136a0a0849f5bf30cc7155b310.jpg', 0, 1),
(908, 54, '0caa23d8fc7b20fd07e50632ff5214e5.jpg', 0, 1),
(909, 54, '0ce438462a9f592afac23d588dbb3b3a.jpg', 0, 1),
(910, 54, '10903c9de096d217c41271a7569662ad.jpg', 0, 1),
(911, 54, '1452c18cc6d768aa544d68320718a738.jpg', 0, 1),
(912, 54, '16d945dd2d92d150a34f3b03e7e57b04.jpg', 0, 1),
(913, 54, '174048fe5e354434c5a5f51535afdae6.jpg', 0, 1),
(914, 54, '19bff77335be08618dd0fa5a926da029.jpg', 0, 1),
(915, 54, '1c432027ae968b0ef3f7a6a4033f9dae.jpg', 0, 1),
(916, 54, '1d2762b6f478423b82269f9a68bb3c8b.jpg', 0, 1),
(917, 54, '1e957f2e88b0126737610c5c4440151b.jpg', 0, 1),
(918, 54, '1ea0c116ee0620d941f3ba8ee4908c87.jpg', 0, 1),
(919, 54, '2153eccab649a22e746a893cca757cfb.jpg', 0, 1),
(920, 54, '23a1e43476a76470151862a71d0822f8.jpg', 0, 1),
(921, 54, '23a86d6a75c04705cf9dcb757372bc31.jpg', 0, 1),
(922, 54, '240df1ffa16f39c7bf5a4013bbe339ed.jpg', 0, 1),
(923, 54, '2562c161c031a10d194b3bd125d6cc33.jpg', 0, 1),
(924, 54, '269d22a8071481e49adf2446215c0284.jpg', 0, 1),
(925, 54, '2d57e0cf09a04ae21cebb1014280c861.jpg', 0, 1),
(926, 54, '2ee6a9b9a5c2e07d2768637d540f0c00.jpg', 0, 1),
(927, 54, '302fc1ad8b4a4d2084407ff2ce89996c.jpg', 0, 1),
(928, 54, '3230582b661ca99861b3b9752c8c224a.jpg', 0, 1),
(929, 54, '34408fa4bf0d8c19ac3b45ef7311488c.jpg', 0, 1),
(930, 54, '348f0f7fe084aa095113b6e08de44eb5.jpg', 0, 1),
(931, 54, '34b2bf8cf9cef75ce8c1fc368cf9d434.jpg', 0, 1),
(932, 54, '360a9597bc1aadaae9471436b8abca0e.jpg', 0, 1),
(933, 54, '36b677f37aaa5df9cbf7a1fe931ee5a2.jpg', 0, 1),
(934, 54, '398f8ecf614e41fd79cd7ce5f5731eda.jpg', 0, 1),
(935, 54, '3bcf42ecc6e2c2dc7db445a6b8b393f5.jpg', 0, 1),
(936, 54, '3c3f46b676e4539b84d7e374c4eea68d.jpg', 0, 1),
(937, 54, '3eff550cf5b9f209ddae1a48d3b382a0.jpg', 0, 1),
(938, 54, '3f8116f6019469b7c649760c54328d81.jpg', 0, 1),
(939, 54, '3fd497695c78652a6c618d08815ba040.jpg', 0, 1),
(940, 54, '3ffdab81dc1b9841637dd941a60908d0.jpg', 0, 1),
(941, 54, '401f1719ecae33f5f25effd0da7db10e.jpg', 0, 1),
(942, 54, '42204789ca07317f090fcc4892585ffc.jpg', 0, 1),
(943, 54, '4423a626e3d9495188c075fcdd041479.jpg', 0, 1),
(944, 54, '471d4c55546307ebc5ab2f8168e7b398.jpg', 0, 1),
(945, 54, '49a2a2fb5ad98cf067c8758e087d0976.jpg', 0, 1),
(946, 54, '4a8fafc77250dacec2da9f8c253310ef.jpg', 0, 1),
(947, 54, '4db2fa2dd013f19e0341da43715656ca.jpg', 0, 1),
(948, 54, '4e67eb3218d438bf0a847a1fa0272c47.jpg', 0, 1),
(949, 54, '4f12ee87c04b9b5c225e2ed7f783f4b0.jpg', 0, 1),
(950, 54, '4f47a3d9b2388c43888940aeb4bb3812.jpg', 0, 1),
(951, 54, '51dd15241e4befb886396b12a874605c.jpg', 0, 1),
(952, 54, '5239faab32319dd1337a21ce08fe6041.jpg', 0, 1),
(953, 54, '529af658fd2d0a6217dfd6edacde2c31.jpg', 0, 1),
(954, 54, '5406bb16a6ebb004eeaed3546a134fc1.jpg', 0, 1),
(955, 54, '574e9133ff25239a0c47df54f36568d0.jpg', 0, 1),
(956, 54, '57a3a8cbd363fb4150dbcd17dd3d4492.jpg', 0, 1),
(957, 54, '581600166de8728c35c5f1e1199c3334.jpg', 0, 1),
(958, 54, '5861f30e82b51c6dafaea83dff5a5c7c.jpg', 0, 1),
(959, 54, '588b26aa1b8c2dca87ba0e0af11f766b.jpg', 0, 1),
(960, 54, '5948b6e21ba28473139005dd512f70b1.jpg', 0, 1),
(961, 54, '5a90ff0a47f2a10fd1e1a62aec20eccc.jpg', 0, 1),
(962, 54, '5af50a0542c950e16c3410f8ac369b48.jpg', 0, 1),
(963, 54, '5c5e7b993c842a047617ba9a9bbf770e.jpg', 0, 1),
(964, 54, '5d4bfcd82f71280ca3a9b52db6eb7fee.jpg', 0, 1),
(965, 54, '5ed7f7adef56d8edb7b2713b50bf058b.jpg', 0, 1),
(966, 54, '607297e2a1066206e4de3aeafd645888.jpg', 0, 1),
(967, 54, '615d70c8c2bcc85bc10c21b5e94c8258.jpg', 0, 1),
(968, 54, '636fb983dd4f560a4a83a0226b9b2097.jpg', 0, 1),
(969, 54, '6376c30132e3fecf7254f566e7e9153d.jpg', 0, 1),
(970, 54, '649f25d075fdf3199421e6fc4a36fe2f.jpg', 0, 1),
(971, 54, '669aa35d69a7828f00cbbd1c9666523f.jpg', 0, 1),
(972, 54, '669fb5496d73a7c7f35badbdb85db97d.jpg', 0, 1),
(973, 54, '67f97dc63bf1d0bb3d679e376381a31d.jpg', 0, 1),
(974, 54, '6b44f4aed0ccb84cc4a1f2f84548ff9b.jpg', 0, 1),
(975, 54, '6b46c34c275c26c0a3e28f5d9a79059a.jpg', 0, 1),
(976, 54, '6bebcb7758cc7fa06889cfa497a6ebc5.jpg', 0, 1),
(977, 54, '6c8eb07fbb117e4620d26ab763ab531b.jpg', 0, 1),
(978, 54, '6d67e3d0449363892efb2d7c3e00a51a.jpg', 0, 1),
(979, 54, '6da15a499e880537a19e8b3b263bf695.jpg', 0, 1),
(980, 54, '6f6da457823c1f1f5d092d529b0bace9.jpg', 0, 1),
(981, 54, '74e99146357a89562c597367160d6ec8.jpg', 0, 1),
(982, 54, '7557f72f51b8b03ab91c15fe8f8c47b9.jpg', 0, 1),
(983, 54, '75bebbf8949a7edec66dcae6e271f2fa.jpg', 0, 1),
(984, 54, '765c65ab0a9a7bb9a6b52bbd44973096.jpg', 0, 1),
(985, 54, '779f868f250d012477bbccc33105bf97.jpg', 0, 1),
(986, 54, '78784f698410f26c2952129ae9960949.jpg', 0, 1),
(987, 54, '79124fd9b9c601f811cbf4d8e177272e.jpg', 0, 1),
(988, 54, '7933765d4006ca016bd8c7a0223efaf7.jpg', 0, 1),
(989, 54, '7964ac6f6c4d10e56c0bd10763de9728.jpg', 0, 1),
(990, 54, '7aa8d22e206e626f2df15fae8e156725.jpg', 0, 1),
(991, 54, '7abe2c072e7c2da41f5f96f2377c769f.jpg', 0, 1),
(992, 54, '7ac8671733e6b84758009eb3536d1d6b.jpg', 0, 1),
(993, 54, '7c199f3200d07e144baee4225c24a3a4.jpg', 0, 1),
(994, 54, '80d68e97f617ea23aea5fc05120b77eb.jpg', 0, 1),
(995, 54, '836cdb50d0bd45e6f5f048086a609ffb.jpg', 0, 1),
(996, 54, '84a20df502cbb63f80139c2541b931b2.jpg', 0, 1),
(997, 54, '84c019845568b767755ba27f648ae753.jpg', 0, 1),
(998, 54, '883059e96b1c9d5b4fcb05837f6959c0.jpg', 0, 1),
(999, 54, '8a58e0f2ac4651c82aa57e9bb87588eb.jpg', 0, 1),
(1000, 54, '8ba0e44f02dafdb458624312e7bb87fb.jpg', 0, 1),
(1001, 54, '8eb775ae0d73de4c19bddf4b92afed77.jpg', 0, 1),
(1002, 54, '8f2174f1815a4a89ca66e2f83c24ba07.jpg', 0, 1),
(1003, 54, '8f4e39ed3c014e7359f75933f0e6da34.jpg', 0, 1),
(1004, 54, '8fb80e8546625a47a683f69940d87348.jpg', 0, 1),
(1005, 54, '91c8dd0f58a6404a3cba443826813c25.jpg', 0, 1),
(1006, 54, '94a51a468f0b9809940b28b3275b770b.jpg', 0, 1),
(1007, 54, '95015dbcf49cf94fed52b6dd9abf2b70.jpg', 0, 1),
(1008, 54, '9657d00cd42a6fb842bcd7e9d79265f5.jpg', 0, 1),
(1009, 54, '98cfb796239b8254231d831b929c9720.jpg', 0, 1),
(1010, 54, '9c6c8c35e8fe91aa58291132621c0ca0.jpg', 0, 1),
(1011, 54, 'a04e1072b1ba47febcc7670f1fcd6715.jpg', 0, 1),
(1012, 54, 'a2431a77901a597dd6d69c3b11a5a622.jpg', 0, 1),
(1013, 54, 'a3e9925c48bc579531ef4253647a86e7.jpg', 0, 1),
(1014, 54, 'a68c13c2438994a1ecea3896fed2a85f.jpg', 0, 1),
(1015, 54, 'b098819392f961ec9d34657f2261f8c3.jpg', 0, 1),
(1016, 54, 'b4aec42ec30313ed95087f416573662f.jpg', 0, 1),
(1017, 54, 'b4f246964165ca5fa1a5ecc06a11e050.jpg', 0, 1),
(1018, 54, 'b53a55f5fb93ba7888604932c700a83e.jpg', 0, 1),
(1019, 54, 'b62642d9f3bc0dd19215410c890e3207.jpg', 0, 1),
(1020, 54, 'b9a3b11045b7e1bb6a2c9be99ea27f43.jpg', 0, 1),
(1021, 54, 'bc3ed396c103c381fd8c8b2dc19f7242.jpg', 0, 1),
(1022, 54, 'bcddfc510f4bca818b59fbb0f092097c.jpg', 0, 1),
(1023, 54, 'bd45d760e639d6e6d73b028afc22c213.jpg', 0, 1),
(1024, 54, 'bd66515afcc2304a5cea63444da82e2d.jpg', 0, 1),
(1025, 54, 'bd804cd1a31f133bd46851060b5a6fd9.jpg', 0, 1),
(1026, 54, 'be9cedd97c8ec4a8729150fc2e065440.jpg', 0, 1),
(1027, 54, 'c1ffd7119f1c3312956360529abd9e90.jpg', 0, 1),
(1028, 54, 'c24d16a202f17a3dacae00c7978e8b29.jpg', 0, 1),
(1029, 54, 'c4d851b201f476238076f75625a7f032.jpg', 0, 1),
(1030, 54, 'c538e9cbd11f4727275902bc78e97554.jpg', 0, 1),
(1031, 54, 'c57e9067113b7089cac9669eb78c2533.jpg', 0, 1),
(1032, 54, 'ca27889e09d16b23cdbef8cb11ec0fa5.jpg', 0, 1),
(1033, 54, 'cc3ef0e3624294589406832c439916d3.jpg', 0, 1),
(1034, 54, 'cd75affeb91f26a80330e043c1130c78.jpg', 0, 1),
(1035, 54, 'd1b3cbcfc768964d2639804fd5e6c5c5.jpg', 0, 1),
(1036, 54, 'd3d0c01fb86dba50a2550ad2b0b93fe7.jpg', 0, 1),
(1037, 54, 'd4a92b10c5135a5eedf6cccac660b0b7.jpg', 0, 1),
(1038, 54, 'd5957db64212f8f55c5da82262e43717.jpg', 0, 1),
(1039, 54, 'd8036a8472ff27e1785509fd0813136f.jpg', 0, 1),
(1040, 54, 'dd0b7f6920aa521fc1161abf244c009c.jpg', 0, 1),
(1041, 54, 'dd123aa81ae3d298869c54023c6346a1.jpg', 0, 1),
(1042, 54, 'deb1f9780815bebaa8c16cc42c933f8c.jpg', 0, 1),
(1043, 54, 'defc0624b1f52274955261a21e76b08a.jpg', 0, 1),
(1044, 54, 'df02e929d353a6508aa1441d4669b3f4.jpg', 0, 1),
(1045, 54, 'e41c8fbc79fe8d8ef01b49b553794d5d.jpg', 0, 1),
(1046, 54, 'e6a98259d7fe14ba509b53cf6856d316.jpg', 0, 1),
(1047, 54, 'e6ed9e17bdb9e1ccc6033397cc5fe3fb.jpg', 0, 1),
(1048, 54, 'e99d3bc22e5a43b3067a59eaf92a91cb.jpg', 0, 1),
(1049, 54, 'ed4117e2e6fd160b56310b8b62d7b1f6.jpg', 0, 1),
(1050, 54, 'edfae90af6aaf032c20c5529dc154cec.jpg', 0, 1),
(1051, 54, 'f39dc98ad02de43bc6c29f9e27d7d3fc.jpg', 0, 1),
(1052, 54, 'fd56e0e90265880be6d85148fa364cb9.jpg', 0, 1),
(1053, 55, '877b8f16099575b67f5f0c572288a45a.jpg', 0, 1),
(1054, 55, '24d1f439a7d9cacf0ab4c0c85e84c386.jpg', 0, 1),
(1055, 55, '7031eba3a20146c47e31bc0925a223a8.jpg', 0, 1),
(1056, 55, '0d51fec5bba0f206d12596e0f2e4f044.jpg', 0, 1),
(1057, 55, 'a6978915655924a10f033bb5006aa204.jpg', 0, 1),
(1058, 55, '49cd765f1db506f7f9f3796546cd1c9f.jpg', 0, 1),
(1059, 55, 'e09e3a2ae1d9a4f1d850a737734b1e8e.jpg', 0, 1),
(1060, 55, '4a73c44bd7972743bf0bb58ee6e3bd6e.jpg', 0, 1),
(1061, 55, '137aa474f7f71914225768a3f514b85b.jpg', 0, 1),
(1062, 55, '580028a697589df3c88e66377fecd243.jpg', 0, 1),
(1063, 55, '02bbf02bb1edd9f055fda6d5562d2268.jpg', 0, 1),
(1064, 55, 'e9abb3f417a72a2437c295391ebca847.jpg', 0, 1),
(1065, 55, '16deb51333774cb43d58644b85f98e8d.jpg', 0, 1),
(1066, 55, 'cb977c14566fb7ddadf855df96b04f6b.jpg', 0, 1),
(1067, 55, '763c7baebd52775a356d52d218a7405b.jpg', 0, 1),
(1068, 55, 'e61649be0db8c3a5d81c2c22a63bce50.jpg', 0, 1),
(1070, 55, 'b2b75e2accf9fcf5cea512e79c2aad85.jpg', 0, 1),
(1071, 55, 'ef843e2138283c56a38908618f5cec9b.jpg', 0, 1),
(1072, 55, '6be5021c36d90a4455e2f25bc3bf3aba.jpg', 0, 1),
(1073, 55, '32c4f1617c0baa1563a08b21a601e03f.jpg', 0, 1),
(1074, 55, '722b147f4d4f3a05e1166b85c7926e2c.jpg', 0, 1),
(1075, 55, '29a29f534334a29a0b10de1940bacd0d.jpg', 0, 1),
(1076, 55, '7659286545aec5acd9cb7e86305de1de.jpg', 0, 1),
(1077, 55, '032b58043b3b9ac51af4f6753ea2c0b2.jpg', 0, 1),
(1078, 55, '00cb6c4f8c338e30963d1d085b35da4b.jpg', 0, 1),
(1079, 55, '84d936ba4f2c7c1ce1c0b0e150ed2bcc.jpg', 0, 1),
(1080, 55, '0df43eb1f1d48cc787178997e75b6969.jpg', 0, 1),
(1081, 56, '59b929757f025c95ef679e8fa48abbff.jpg', 1, 1),
(1082, 56, '8218a23f1697f7679073263c9148a241.jpg', 2, 1),
(1083, 56, 'f3108f2df637c6d55006dc8e5f437a69.jpg', 3, 1),
(1084, 56, '407369fe4e63ff8942258073842acc02.jpg', 4, 1),
(1085, 56, 'bb3162361a5d5f52e3ee62626a297243.jpg', 5, 1),
(1086, 56, 'c1b3b098bcd5f126c48dc25d990946bb.jpg', 6, 1),
(1087, 56, '967a69666143a784306e2b2dfc70f946.jpg', 8, 1),
(1089, 56, 'e7bf230575d3706598b9dcb0b5fc85f6.jpg', 9, 1),
(1090, 56, '7464a3cda7dab7cba8b937513d5dfad4.jpg', 10, 1),
(1091, 56, '652a082a54dfd467324842494d0a0240.jpg', 11, 1),
(1092, 56, '8dce5e6d98ec0e9e20c9c0943798c759.jpg', 12, 1),
(1093, 56, '5ae6f502e3d6f17bb18a37c30734d90d.jpg', 13, 1),
(1095, 56, '811dfc289342648d890c45ef26410fc1.jpg', 14, 1),
(1096, 56, '4140bbcb771dc70dc0c45a58cdea3589.jpg', 15, 1),
(1097, 56, 'de10fa5a8463d74c7133b509c1ad8e34.jpg', 16, 1),
(1099, 56, 'e9e5af1aca30119882100859450d7ab3.jpg', 17, 1),
(1100, 56, '16fbe39f2fe00ca7cae7a73d750ae075.jpg', 18, 1),
(1101, 56, 'f92d42b5df31474daf855711cf565eb2.jpg', 19, 1),
(1102, 56, 'b380499a8605a40cf9c11e509cee3797.jpg', 20, 1),
(1104, 56, '8ccef21617d76eceb8034cc75a663670.jpg', 21, 1),
(1105, 56, '4bc02af97b7ea56af452f650cedfc468.jpg', 22, 1),
(1106, 56, 'af2b25e57235616d749c442300d696e6.jpg', 23, 1),
(1108, 56, '8ecfb3f8c5303b7c33399f7efe71d2b1.jpg', 24, 1),
(1109, 56, 'be58433079197ead87edb3a4774b3c9d.jpg', 25, 1),
(1110, 56, '769c2df0a5b015cd0fc58e3341275bea.jpg', 26, 1),
(1111, 56, '5407634991e8b582d97d21b9eb63f97d.jpg', 27, 1),
(1112, 56, '955933dd2d97ee79eb0fd8741d70af8a.jpg', 28, 1),
(1113, 56, 'cc1936e48e6d841314a066584f1c0dcf.jpg', 7, 1),
(1114, 56, 'fd1af241f9ad4bfa1bb2f69001621618.jpg', 0, 1),
(1115, 56, 'a46c2df4a19e6082b21f768c519a9f82.jpg', 0, 1),
(1116, 56, 'b638049bc47ae78596445a9e9b23d081.jpg', 0, 1),
(1117, 56, 'd50ef8b98c5b0a1e259ab7d6f4baec00.jpg', 0, 1),
(1118, 56, '0941360c6fdd45351d458916c2b75070.jpg', 0, 1),
(1119, 56, '9ff966be7bc68b23164b48c4d4bc9c2e.jpg', 0, 1),
(1120, 56, 'bf44b7a03afc1dbf40f7a91e4942a379.jpg', 0, 1),
(1121, 56, '82612a933e5f132edcdd1006ad41d101.jpg', 0, 1),
(1122, 56, '63fbfc3a8443ed6e8f36c34448e6b41c.jpg', 0, 1),
(1123, 56, '5b1b69a1f661e9c4326268f57726e5a5.jpg', 0, 1),
(1124, 56, '87d0240e5a384ed794ad756cb4faf4cb.jpg', 0, 1),
(1125, 56, '74fb6d1c22f49c29497302ee992a30ee.jpg', 0, 1),
(1126, 56, 'a4004f524f9955988aaa23e63f3c9ff7.jpg', 0, 1),
(1127, 56, 'ec31ca6332c42c7bad65c3f610780506.jpg', 0, 1);
INSERT INTO `images` (`id`, `id_galleries`, `filename`, `position`, `isVisible`) VALUES
(1128, 56, '03c3d8a4042f1b3ba99cc4deb52446b2.jpg', 0, 1),
(1129, 56, '92cce0803ac5724e2b1eca0441b17643.jpg', 0, 1),
(1130, 56, 'df6a5d8981938e1ddffc0b561ab1650a.jpg', 0, 1),
(1131, 56, 'effdef0efc6cada2c929adbbec122253.jpg', 0, 1),
(1134, 56, 'b6e3fb0c35c9d06d983e9f9bfdaf8610.jpg', 0, 1),
(1135, 56, '7489a0bdfdd3021760412ab25135f8d5.jpg', 0, 1),
(1136, 56, '78358e46c2da8a92ae701c645ed1fe61.jpg', 0, 1),
(1137, 56, '80bc9aa054f9e787fd122900622d89fa.jpg', 0, 1),
(1138, 56, '7da1170f3f48d3ac9d5d2f8452c4f6c8.jpg', 0, 1),
(1139, 56, 'f725e8985f9021fb52511ed946c93359.jpg', 0, 1),
(1140, 56, 'b47685683cfe595cdd3cbc68d75c938f.jpg', 0, 1),
(1141, 56, '6ea91edf75fa71f9afd4454ff43e0118.jpg', 0, 1),
(1142, 56, '2a3c52418b28322ad1a2835e868c4720.jpg', 0, 1),
(1143, 56, 'ed3e067a4b2a9aa4db137dc087e4e74d.jpg', 0, 1),
(1144, 57, 'e0687918a66988878d213b82ae778875.jpg', 0, 1),
(1145, 57, 'dffd0fe023438021dc4e03ce22c6a49f.jpg', 0, 1),
(1146, 57, 'bf9278a3650172236184c8d63c9078cd.jpg', 0, 1),
(1147, 57, '3b3ce1da40005ffdac48dca18f23be18.jpg', 0, 1),
(1148, 57, '58cc023c15b5e1d2868468a6ec82682b.jpg', 0, 1),
(1149, 57, 'ea72181c9d0b4574be3074068f000d88.jpg', 0, 1),
(1150, 57, 'c6575d6ff3bd9293a90def6c30afdc16.jpg', 0, 1),
(1151, 57, '301ba75723eb6424e7b3aa20ff2d7e4c.jpg', 0, 1),
(1152, 57, '31b59178de874f9109ef7f2ccb9bb88c.jpg', 0, 1),
(1153, 57, '9fe6e494aba31629369e1ce12558ace3.jpg', 0, 1),
(1154, 57, 'e5e87a880ccb198ba0c340b00a5c273f.jpg', 0, 1),
(1155, 57, '2704e636293a609ae6cb0c86a94f8512.jpg', 0, 1),
(1156, 57, '7fa581fbcfef6e4d192278263eeff2e0.jpg', 0, 1),
(1157, 57, '8158582e71d7f7f103e69296e0f447c6.jpg', 0, 1),
(1158, 57, '0fd348c347cd4eb036584f52e4f6c2f1.jpg', 0, 1),
(1159, 57, 'e287a51fbd550c200618443429b92d1c.jpg', 0, 1),
(1160, 57, '05b142d4c485ca18100121a5574f2e0b.jpg', 0, 1),
(1161, 57, '5747fca3bbc178b70153ec29fa15df91.jpg', 0, 1),
(1162, 57, 'b1c9b8f34d3da0b78d0981be0bbb8a2d.jpg', 0, 1),
(1163, 57, '8dd1a99457c685ea89d534d0dbb08678.jpg', 0, 1),
(1164, 57, '78ce149de9959903dfbf35c4d6f36dd0.jpg', 0, 1),
(1165, 57, 'b585d390da2e120addedf37747a524ca.jpg', 0, 1),
(1166, 57, '2aab293ae60f1df23e01aae67e123f61.jpg', 0, 1),
(1167, 57, 'c6a9dd99c1c2881beac756c11db03d84.jpg', 0, 1),
(1168, 57, '924d62f1076819ff32a84976f29e212f.jpg', 0, 1),
(1169, 57, 'f53abd98861a59b925ee623633bcc543.jpg', 0, 1),
(1170, 57, '641f33c58ad2a8e7336eb983546b3120.jpg', 0, 1),
(1171, 57, '7b9d6da3c98f9ba0f596e40801e36ab8.jpg', 0, 1),
(1172, 57, 'f130afced7c25511653b2accf57650a4.jpg', 0, 1),
(1173, 57, '96f4ca456178ac9a0b6f1329dc7805a6.jpg', 0, 1),
(1174, 57, 'fb621b80b4630ea63273f6034ca06aa2.jpg', 0, 1),
(1175, 57, '917637658bb02a9c3e58664e08c736cc.jpg', 0, 1),
(1176, 57, 'e4b9896af9395777e3402c3c2676d90c.jpg', 0, 1),
(1177, 57, 'ba7e5476b21b520c4a270ceb7c249e71.jpg', 0, 1),
(1178, 57, '57640faf4bf01694870d4257df2b4a1b.jpg', 0, 1),
(1179, 57, '6c61249bbe9baa8495f1364c2a7cf960.jpg', 0, 1),
(1180, 57, '0aca31f338db773c2ba3d85e1bb2bb27.jpg', 0, 1),
(1181, 57, '8d573ad89e9f90b9d6b46f517be035c7.jpg', 0, 1),
(1182, 57, '940afcf190e17f77ec590470445eb966.jpg', 0, 1),
(1183, 57, '55cf6b5db2450a301e07c828df921514.jpg', 0, 1),
(1184, 57, '761fa76b50f2f30a1d613bce238beceb.jpg', 0, 1),
(1185, 57, '427bfb643b9743860cea4f0dcfcd9702.jpg', 0, 1),
(1186, 57, 'c7217c3cd12ee48eb02a1178cbefa5b0.jpg', 0, 1),
(1187, 57, '368215b2f1f6c045321592d69b49a69c.jpg', 0, 1),
(1188, 57, '12ce70be20a055ae6aaa82e1a9d7a732.jpg', 0, 1),
(1189, 57, 'c9260d4166b832fcff57a9620513ad59.jpg', 0, 1),
(1190, 57, 'e09d20ea4e9db9983d42523ef26e7c7f.jpg', 0, 1),
(1191, 57, '536e81b59cf679720bbf57f265e55702.jpg', 0, 1),
(1192, 57, 'f22e51269a38b40a931001621e946881.jpg', 0, 1),
(1193, 57, 'a6077d614d6f14ed61235f211f15e35e.jpg', 0, 1),
(1194, 57, '089e1097d45b5f9fd12914e433e73762.jpg', 0, 1),
(1195, 57, '63dbae9d1bfb4d72450627e007855bb5.jpg', 0, 1),
(1196, 32, '28b7f5b7a14633638dd61b549f201295.jpg', 0, 1),
(1197, 49, 'ac0f4d9def7b0cacbe79e7179218d5b5.jpg', 0, 1),
(1198, 49, 'b4c9743d51624fb64da170862b679e74.jpg', 0, 1),
(1199, 49, 'd160f9e9122c8937b5e90e6c214d3752.jpg', 0, 1),
(1200, 49, '6a1f3c8c4e2ce28dded0496084c988e1.jpg', 0, 1),
(1201, 49, 'e666b0afae8f09c1e5e86cf83df186e0.jpg', 0, 1),
(1202, 49, '49ad1d2dffb8c5e4ecc2c79f0ab2a770.jpg', 0, 1),
(1203, 49, '3abecba60dc36f261c2556f74dd50ea4.jpg', 0, 1),
(1204, 49, '83c14f1c702c8bd5a1da57346031df45.jpg', 0, 1),
(1205, 49, 'a1f789fee3f8201acd97f59c7275bb8a.jpg', 0, 1),
(1206, 49, 'ea6d406ee9e7066124f29180d5eb55e2.jpg', 0, 1),
(1207, 49, '7f004d6ea67f00ff1060f62f8d7a37d5.jpg', 0, 1),
(1208, 49, '78d1c108ad0db6ad3bdec1ada3ede644.jpg', 0, 1),
(1209, 49, 'fdb693e7663f514e09c27d325199a77b.jpg', 0, 1),
(1210, 49, '5bb2ff1a64500113dbffc963562228f0.jpg', 0, 1),
(1211, 49, '29f08a52341925b72af27d3a0c87daa2.jpg', 0, 1),
(1212, 49, '5291de5d63c90dcaeba7ae4ff111c106.jpg', 0, 1),
(1213, 49, '8459b5cd80ce120e9df40572d2406bd8.jpg', 0, 1),
(1214, 58, 'ac0f4d9def7b0cacbe79e7179218d5b5.jpg', 0, 1),
(1215, 58, 'b4c9743d51624fb64da170862b679e74.jpg', 0, 1),
(1216, 58, 'd160f9e9122c8937b5e90e6c214d3752.jpg', 0, 1),
(1217, 58, '6a1f3c8c4e2ce28dded0496084c988e1.jpg', 0, 1),
(1218, 58, 'e666b0afae8f09c1e5e86cf83df186e0.jpg', 0, 1),
(1219, 58, '49ad1d2dffb8c5e4ecc2c79f0ab2a770.jpg', 0, 1),
(1220, 58, '3abecba60dc36f261c2556f74dd50ea4.jpg', 0, 1),
(1221, 58, '83c14f1c702c8bd5a1da57346031df45.jpg', 0, 1),
(1222, 58, 'a1f789fee3f8201acd97f59c7275bb8a.jpg', 0, 1),
(1223, 58, 'ea6d406ee9e7066124f29180d5eb55e2.jpg', 0, 1),
(1224, 58, '7f004d6ea67f00ff1060f62f8d7a37d5.jpg', 0, 1),
(1225, 58, '78d1c108ad0db6ad3bdec1ada3ede644.jpg', 0, 1),
(1226, 58, 'fdb693e7663f514e09c27d325199a77b.jpg', 0, 1),
(1227, 58, '5bb2ff1a64500113dbffc963562228f0.jpg', 0, 1),
(1228, 58, '29f08a52341925b72af27d3a0c87daa2.jpg', 0, 1),
(1229, 58, '5291de5d63c90dcaeba7ae4ff111c106.jpg', 0, 1),
(1230, 58, '8459b5cd80ce120e9df40572d2406bd8.jpg', 0, 1);

-- --------------------------------------------------------

--
-- Struktura tabeli dla  `movies`
--

CREATE TABLE IF NOT EXISTS `movies` (
  `id` int(10) unsigned NOT NULL auto_increment,
  `title` varchar(255) NOT NULL,
  `path` varchar(255) NOT NULL,
  `url` varchar(255) NOT NULL,
  `width` int(10) unsigned NOT NULL,
  `height` int(10) unsigned NOT NULL,
  `isVisible` binary(1) NOT NULL default '1',
  PRIMARY KEY  (`id`)
) ENGINE=InnoDB  DEFAULT CHARSET=utf8 AUTO_INCREMENT=5 ;

--
-- Zrzut danych tabeli `movies`
--

INSERT INTO `movies` (`id`, `title`, `path`, `url`, `width`, `height`, `isVisible`) VALUES
(1, 'Italian Baja 2010 nowym samochodem - Bowler Nemesis', 'italian_baja_2010_nowym_samochodem_bowler_nemesis', 'http://www.youtube.com/v/2lTn6CHpmQw', 425, 344, '1'),
(2, 'Pharaons Rally 2007', 'pharaons_rally_2007', 'http://www.youtube.com/v/he4ElYgXxxc', 425, 344, '1'),
(3, 'Pharaons Rally 2007', 'pharaons_rally_2007', 'http://www.youtube.com/v/Ip09iGs9SjU', 425, 344, '1'),
(4, 'Film z fragmentu prologu, załoga NeoRaid nr 519', 'baja_portalegre_2011_', 'http://www.youtube.com/watch?v=F_9rRREizfo', 425, 344, '1');

-- --------------------------------------------------------

--
-- Struktura tabeli dla  `news`
--

CREATE TABLE IF NOT EXISTS `news` (
  `id` int(10) unsigned NOT NULL auto_increment,
  `date` date default NULL,
  `title` varchar(255) NOT NULL,
  `id_articles` int(10) unsigned default NULL,
  `id_images` int(11) default NULL,
  `id_galleries` int(11) default NULL,
  `id_objects` int(11) default NULL,
  `headline` varchar(255) default NULL,
  `isVisible` binary(1) NOT NULL default '1',
  PRIMARY KEY  (`id`),
  KEY `path` (`headline`),
  KEY `date` (`date`)
) ENGINE=InnoDB  DEFAULT CHARSET=utf8 AUTO_INCREMENT=18 ;

--
-- Zrzut danych tabeli `news`
--

INSERT INTO `news` (`id`, `date`, `title`, `id_articles`, `id_images`, `id_galleries`, `id_objects`, `headline`, `isVisible`) VALUES
(1, '2011-07-06', 'Rajd Silk Way 2011', 13, 404, 34, 9, 'rajd_silk_way_2011', '1'),
(2, '2008-07-16', 'Maraton Rowerowy 2008 nie pokazujemy', NULL, NULL, NULL, NULL, 'maraton_rowerowy_2008', '0'),
(3, '2008-09-14', '24H Tout Terrain de France 2008', 14, NULL, 1, NULL, '24h_tout_terrain_de_france_2008', '0'),
(4, '2011-07-21', 'Silk Way 2011 - zakończony', 15, 394, 34, 10, 'silk_way_2011_-_zakonczony', '1'),
(5, '2011-11-18', 'Dakar 2012 przygotowania', 32, 456, 45, 11, 'dakar_2012_przygotowania', '1'),
(6, '2011-11-29', 'Transport Le Havre - Buenos Aires - ostatnie odliczanie przed startem!', 33, 456, 46, 11, 'dakar_2012_przed_startem', '1'),
(7, '2011-12-23', '', NULL, 498, NULL, NULL, 'zyczenia_swiateczne_2011', '1'),
(8, '2011-10-30', 'Baja Portalegre 2011', 34, 405, 44, 34, 'baja_portalegre_2011_', '1'),
(9, '2011-12-31', 'Załoga Neoraid wystartowała w rajdzie Dakar 2012!', NULL, 550, 50, 35, 'dakar_2012_start', '1'),
(10, '2012-01-03', 'Pierwsze foto z odcinków specjalnych Dakar 2012', NULL, 550, NULL, 35, 'pierwsze_foto_z_odc_specjalnych_dakar_2012', '1'),
(12, '2012-01-07', 'Dakar 2012 zmiana trasy', 38, 550, 52, 35, 'zmiany_trasy_dakar_2012', '1'),
(13, '2012-01-09', 'WOŚP na Dakar 2012', NULL, 600, 53, 36, 'wosp_dakar_2012', '1'),
(14, '2012-01-12', 'Klimatyczne foto z biwaku', NULL, 550, 54, 35, 'klimatyczne_foto_z_biwaku', '1'),
(15, '2012-01-17', 'Meta w Limie !!!', 39, 550, 55, 35, 'meta_w_limie', '1'),
(16, '2012-01-25', 'Zdjęcia z odcinków specjalnych Dakar 2012', NULL, 550, 56, 35, 'zdjecia_z_odc_specjalnych_dakar_2012', '1'),
(17, '2012-01-30', 'Dakar 2012 – poza odcinkami specjalnymi', NULL, 550, 57, 35, 'dakar_2012_poza_odcinkami_specjalnymi', '1');

-- --------------------------------------------------------

--
-- Struktura tabeli dla  `objects`
--

CREATE TABLE IF NOT EXISTS `objects` (
  `id` int(10) unsigned NOT NULL auto_increment,
  `position` int(10) unsigned default '0',
  `title` varchar(255) default NULL,
  `path` varchar(255) default NULL,
  `images_id` int(10) unsigned default NULL,
  `text` varchar(1024) default NULL,
  `url` varchar(255) default NULL,
  `target` varchar(255) default '_blank',
  `width` int(10) unsigned default NULL,
  `height` int(10) unsigned default NULL,
  `crop_x` int(10) unsigned default NULL,
  `crop_y` int(10) unsigned default NULL,
  `crop_width` int(10) unsigned default NULL,
  `crop_height` int(10) unsigned default NULL,
  `isVisible` binary(1) default '1',
  `container` varchar(255) default 'div',
  `class` varchar(255) default NULL,
  PRIMARY KEY  (`id`)
) ENGINE=InnoDB  DEFAULT CHARSET=utf8 AUTO_INCREMENT=45 ;

--
-- Zrzut danych tabeli `objects`
--

INSERT INTO `objects` (`id`, `position`, `title`, `path`, `images_id`, `text`, `url`, `target`, `width`, `height`, `crop_x`, `crop_y`, `crop_width`, `crop_height`, `isVisible`, `container`, `class`) VALUES
(9, 0, 'Silk Way 2011', 'silk_way_2011/20108b2e51f9fb74ad188a2bef8ed91c.png', 404, NULL, 'www.silkwayrally.com', '_blank', NULL, NULL, NULL, NULL, NULL, NULL, '1', 'div', NULL),
(10, 0, 'Silk Way 2011 - zakończony', 'silk_way_2011/034322676b168b661fe15b27170ffb18.jpg', 394, NULL, NULL, '_blank', 165, 110, NULL, NULL, NULL, NULL, '1', 'div', NULL),
(11, 0, 'Dakar 2012 - przygotowania', 'dakar_2012_przygotowania/7892a038ed51b711e9ea1f9b2f685ef9.png', 456, NULL, NULL, '_blank', NULL, NULL, NULL, NULL, NULL, NULL, '1', 'div', NULL),
(12, 0, '4sevens', 'loga_partnerow/0e56b42a16ea750ecac6c4183b3493dd.png', 486, 'Amerykański producent i sprzedawca wysokiej klasy latarek LED i oświetlenia taktycznego.', 'www.4sevens.pl', '_blank', NULL, NULL, NULL, NULL, NULL, NULL, '1', 'div', 'partner'),
(13, 0, '5asec', 'loga_partnerow/aab6ddd1f63ac243a1be2891ce035dd5.png', 487, 'Światowy lider usług pralniczych,  wiodącą od ponad 40 lat marką na rynku pralniczym oraz ochrony i konserwacji tkanin.', 'www.5asec.pl', '_blank', NULL, NULL, NULL, NULL, NULL, NULL, '1', 'div', 'partner'),
(14, 0, 'Amara', 'loga_partnerow/c79ac845a29017615755f15e3b6d536e.png', 488, 'Zakład Farmaceutyczny Amara sp. z o.o. - producent: środków do receptury aptecznej, surowców do receptury aptecznej i surowców farmaceutycznych.', 'www.amara.pl', '_blank', NULL, NULL, NULL, NULL, NULL, NULL, '1', 'div', 'partner'),
(15, 0, 'Fundusz Areał S.A.', 'loga_partnerow/93dbe0bbbac66d178ba98e78214b8b85.png', 489, 'Spółka założona w 2005 r. zajmuje się zakupem gospodarstw rolnych na obszarze Polski i ich zarządzaniem.  Polska grupa kapitałowa, część Neo Investments. Obecnie spółka zarządza 4 gospodarstwami obejmującymi łącznie 4093 ha położonych na obszarach Polski północnej. ', 'funduszareal.pl', '_blank', NULL, NULL, NULL, NULL, NULL, NULL, '1', 'div', 'partner'),
(16, 0, 'Berner', 'loga_partnerow/c86d721130a1d7c1e381b98fd53157ad.png', 490, 'Berner to stale rozwijające się i rosnące paneuropejskie przedsiębiorstwo, specjalizujące się w bezpośredniej dystrybucji dóbr przemysłowych do profesjonalnego użytku w branży motoryzacyjnej, budowlanej i przemysłowej.', 'www.berner.pl', '_blank', NULL, NULL, NULL, NULL, NULL, NULL, '1', 'div', 'partner'),
(17, 0, 'Cursor', 'loga_partnerow/245c591574bd99386bf04deef0912038.png', 491, 'Cursor S.A. należy do Grupy Outsourcing Experts (OEX) skupiającej firmy z obszaru outsourcingu procesów sprzedaży i marketingu oraz zarządzania dokumentami i back-office.', 'www.cursor.pl', '_blank', NULL, NULL, NULL, NULL, NULL, NULL, '1', 'div', 'partner'),
(18, 0, 'EcoWind', 'loga_partnerow/b75c20eb1852446e2c62511f209a651a.png', 492, 'Firma ECO-WIND Construction S.A. jest na rynku polskim jednym z wiodących podmiotów w zakresie rozwijania projektów farm wiatrowych.', 'www.ecowind.pl', '_blank', NULL, NULL, NULL, NULL, NULL, NULL, '1', 'div', 'partner'),
(19, 0, 'Galposter', 'loga_partnerow/84ff23427002003ade403765ba1cea5a.png', 493, 'Usługi w obszarach identyfikacji wizualnej, budowy dedykowanych sieci nośników reklamowych, realizacji kompleksowych projektów budowy sieci placówek usługowo-sprzedażowych, tworzenia efektywnych systemów informacji wizualnej jak również wspieraniu sprzedaży poprzez materiały POS.', 'www.galposter.pl', '_blank', NULL, NULL, NULL, NULL, NULL, NULL, '1', 'div', 'partner'),
(20, 0, 'Motul', 'loga_partnerow/b5660805dd93ab956e812430d2029e43.png', 494, 'Wyjątkowa firma w przemyśle olejowym', 'www.motulpolska.pl', '_blank', NULL, NULL, NULL, NULL, NULL, NULL, '1', 'div', 'partner'),
(21, 0, 'NeoInvestments', 'loga_partnerow/83ced392c8690309d4c5673328744465.png', 495, 'Od czasu, gdy polski rynek dostał swoją szansę, angażujemy się w nowe obszary gospodarki i staramy się spojrzeć świeżym okiem na te tradycyjne.         Od 1992 roku jesteśmy związani z szeroko pojętymi usługami marketingowymi oraz wdrażaniem procesów biznesowych dla największych międzynarodowych korporacji. Od 2000 roku inwestujemy w nieruchomości, podchodząc innowacyjnie do projektów komercjalizacji powierzchni biurowej i magazynowej oraz budowy osiedli jednorodzinnych. Od 2005 roku aktywnie rozwijamy projekty w obszarze energii odnawialnej, w przemyśle rolniczym oraz unowocześniania nieruchomości rolnych.', 'www.neoinvestments.pl', '_blank', NULL, NULL, NULL, NULL, NULL, NULL, '1', 'div', 'partner'),
(22, 0, 'Real Management', 'loga_partnerow/f4aea414651ca4beb1b907478d1b5550.png', 496, 'Spółka Real Management powstała w 2002 roku. Zajmuje się realizacją projektów w obszarze developmentu.', 'www.realmanagement.pl', '_blank', NULL, NULL, NULL, NULL, NULL, NULL, '1', 'div', 'partner'),
(34, 0, 'Baja Portalegre 2011', 'baja_portalegre_2011/15db9829124bb314d3cb920695fe2677.png', 404, NULL, NULL, '_blank', NULL, NULL, NULL, NULL, NULL, NULL, '1', 'div', NULL),
(35, 0, 'Dakar 2012 - start', 'dakar_2012_start/303818ff7cfd32336b6450b64cfcd4fb.png', 550, NULL, 'www.dakar.com', '_blank', NULL, NULL, NULL, NULL, NULL, NULL, '1', 'div', NULL),
(36, 0, 'WOŚP na Dakar 2012', 'wosp_na_dakar_2012/b673c797d66d1633dceec7751401cb05.png', 600, NULL, 'www.dakar.com', '_blank', NULL, NULL, NULL, NULL, NULL, NULL, '1', 'div', NULL),
(37, 0, NULL, 'iveco_190_ciezarowka_serwisowa/83c14f1c702c8bd5a1da57346031df45.jpg', 1221, NULL, NULL, '_blank', NULL, NULL, NULL, NULL, NULL, NULL, '1', 'div', NULL),
(38, 0, NULL, 'iveco_190_ciezarowka_serwisowa/49ad1d2dffb8c5e4ecc2c79f0ab2a770.jpg 	', 1219, NULL, NULL, '_blank', NULL, NULL, NULL, NULL, NULL, NULL, '1', 'div', NULL),
(39, 0, NULL, 'iveco_190_ciezarowka_serwisowa/fdb693e7663f514e09c27d325199a77b.jpg 	', 1226, NULL, NULL, '_blank', 800, 451, NULL, NULL, NULL, NULL, '1', 'div', NULL),
(40, 0, NULL, 'iveco_190_ciezarowka_serwisowa/a1f789fee3f8201acd97f59c7275bb8a.jpg', 1222, NULL, NULL, '_blank', NULL, NULL, NULL, NULL, NULL, NULL, '1', 'div', NULL),
(41, 0, NULL, 'iveco_190_ciezarowka_serwisowa/ea6d406ee9e7066124f29180d5eb55e2.jpg', 1223, NULL, NULL, '_blank', 800, 600, NULL, NULL, NULL, NULL, '1', 'div', NULL),
(42, 0, NULL, 'iveco_190_ciezarowka_serwisowa/3abecba60dc36f261c2556f74dd50ea4.jpg', 1220, NULL, NULL, '_blank', NULL, NULL, NULL, NULL, NULL, NULL, '1', 'div', NULL),
(43, 0, NULL, 'iveco_190_ciezarowka_serwisowa/e666b0afae8f09c1e5e86cf83df186e0.jpg', 1218, NULL, NULL, '_blank', NULL, NULL, NULL, NULL, NULL, NULL, '1', 'div', NULL),
(44, 0, NULL, 'iveco_190_ciezarowka_serwisowa/ac0f4d9def7b0cacbe79e7179218d5b5.jpg', 1214, NULL, NULL, '_blank', 800, 600, NULL, NULL, NULL, NULL, '1', 'div', NULL);

-- --------------------------------------------------------

--
-- Struktura tabeli dla  `tables`
--

CREATE TABLE IF NOT EXISTS `tables` (
  `id` int(10) unsigned NOT NULL auto_increment,
  `title` varchar(255) NOT NULL,
  `path` varchar(255) NOT NULL,
  `isVisible` binary(1) NOT NULL default '1',
  PRIMARY KEY  (`id`),
  KEY `path` (`path`)
) ENGINE=InnoDB  DEFAULT CHARSET=utf8 AUTO_INCREMENT=3 ;

--
-- Zrzut danych tabeli `tables`
--

INSERT INTO `tables` (`id`, `title`, `path`, `isVisible`) VALUES
(1, 'Kalendarz', 'calendarium', '1'),
(2, 'Historia startów', 'history', '1');

-- --------------------------------------------------------

--
-- Struktura tabeli dla  `top`
--

CREATE TABLE IF NOT EXISTS `top` (
  `Id` int(10) unsigned NOT NULL auto_increment,
  `tree_menu_Id` int(10) unsigned default NULL,
  `id_galleries` int(11) default NULL,
  `id_images` int(11) default NULL,
  `filename` varchar(255) default NULL,
  PRIMARY KEY  (`Id`),
  KEY `menu_Id` (`tree_menu_Id`)
) ENGINE=InnoDB  DEFAULT CHARSET=utf8 AUTO_INCREMENT=6 ;

--
-- Zrzut danych tabeli `top`
--

INSERT INTO `top` (`Id`, `tree_menu_Id`, `id_galleries`, `id_images`, `filename`) VALUES
(1, NULL, 32, 380, 'c3275c30190817a77250fa743f4c2516.jpg'),
(2, NULL, 32, 381, 'c66f166414ef6b13aa062b5ee7587706.jpg'),
(3, NULL, 32, 381, 'c66f166414ef6b13aa062b5ee7587706.jpg'),
(4, NULL, 32, 380, 'c3275c30190817a77250fa743f4c2516.jpg'),
(5, 0, 32, 1196, '28b7f5b7a14633638dd61b549f201295.jpg');

-- --------------------------------------------------------

--
-- Struktura tabeli dla  `tree_menu`
--

CREATE TABLE IF NOT EXISTS `tree_menu` (
  `Id` int(10) unsigned NOT NULL auto_increment,
  `position` int(10) unsigned NOT NULL default '1000',
  `name` varchar(128) NOT NULL,
  `action` varchar(128) NOT NULL,
  `action_id` int(10) unsigned default '0',
  `slave` tinyint(1) unsigned NOT NULL default '0',
  `ownerEl` int(10) unsigned NOT NULL default '0',
  `isVisible` binary(1) NOT NULL default '1',
  `class` varchar(16) default NULL,
  PRIMARY KEY  (`Id`),
  KEY `isVisible` (`isVisible`),
  KEY `name` (`name`),
  KEY `parentId` (`ownerEl`),
  KEY `hasChildren` (`slave`),
  KEY `action_id` (`action_id`)
) ENGINE=InnoDB  DEFAULT CHARSET=utf8 AUTO_INCREMENT=95 ;

--
-- Zrzut danych tabeli `tree_menu`
--

INSERT INTO `tree_menu` (`Id`, `position`, `name`, `action`, `action_id`, `slave`, `ownerEl`, `isVisible`, `class`) VALUES
(1, 2, 'Home', 'news', 1, 1, 0, '1', ''),
(2, 4, 'Team', '', 0, 0, 0, '1', ''),
(5, 8, 'Galerie', '', 0, 0, 0, '1', ''),
(6, 5, 'Samochody', '', 0, 0, 0, '1', ''),
(7, 6, 'Kalendarz', 'tables', 1, 1, 0, '1', ''),
(9, 10, 'Wynajem/Sprzedaż ', '', 0, 0, 0, '1', ''),
(10, 3, '2006', '', 0, 0, 5, '1', ''),
(11, 4, '2007', '', 0, 0, 5, '1', ''),
(12, 6, '2008', '', 0, 0, 5, '1', ''),
(13, 5, '2009', '', 0, 0, 5, '1', ''),
(14, 7, '2010', '', 0, 0, 5, '1', ''),
(15, 8, '2011', '', 0, 0, 5, '1', ''),
(16, 1, 'Berlin - Wrocław', 'galleries', 6, 1, 10, '1', ''),
(17, 2, 'Baja Slovakia', 'galleries', 5, 1, 10, '1', ''),
(18, 1, 'Baja de France', 'galleries', 2, 1, 11, '1', ''),
(19, 2, 'Pharaons Rally', 'galleries', 14, 1, 11, '1', ''),
(20, 3, 'Drezno - Wrocław', 'galleries', 7, 1, 11, '1', ''),
(21, 1, '24H Tout Terrain de France', 'galleries', 1, 1, 12, '1', ''),
(22, 2, 'Baja Portalegre', 'galleries', 4, 1, 12, '1', ''),
(23, 3, 'Drezno - Wrocław', 'galleries', 8, 1, 12, '1', ''),
(24, 4, 'Italian Baja', 'galleries', 10, 1, 12, '1', ''),
(25, 5, 'Optic 2000', 'galleries', 13, 1, 12, '1', ''),
(26, 1, 'Drezno - Wrocław', 'galleries', 9, 1, 13, '1', ''),
(27, 2, 'Italian Baja', 'galleries', 11, 1, 13, '1', ''),
(28, 2, 'Baja España Aragon', 'galleries', 3, 1, 14, '1', ''),
(29, 0, 'Italian Baja', 'galleries', 12, 1, 14, '1', ''),
(32, 11, 'Kontakt', 'articles', 6, 1, 0, '1', ''),
(33, 7, 'Partnerzy', 'articles', 7, 1, 0, '1', ''),
(35, 2, 'Bowler Nemesis', 'articles', 9, 1, 6, '0', ''),
(38, 10, 'Inne', '', 0, 0, 5, '1', ''),
(39, 2, 'Anglia - Fabryka Drew Bowlera - zakup samochodu', 'galleries', 16, 1, 38, '1', ''),
(40, 4, 'Budowa ciężarówki', 'galleries', 17, 1, 38, '1', ''),
(41, 5, 'Dariusz Żyła - IC seria 4x4 2010', 'galleries', 18, 1, 38, '0', ''),
(42, 6, 'Dariusz Żyła - Tuning Show 2010', 'galleries', 19, 1, 38, '0', ''),
(43, 3, 'Nemesis z nowym silnikiem', 'galleries', 21, 1, 38, '1', ''),
(44, 7, 'Start Naszych Przyjaciół w Baja Polonia 2009', 'galleries', 22, 1, 38, '0', ''),
(45, 8, 'Maraton Rowerowy 2008', 'galleries', 20, 1, 38, '0', ''),
(46, 1, 'Historia startów', 'tables', 2, 1, 2, '1', ''),
(47, 2, 'Sylwetki zawodników', 'articles', 4, 1, 2, '1', ''),
(48, 0, 'Rajdy przeprawowe', 'galleries', 25, 1, 5, '1', NULL),
(49, 0, 'RMPST odcinek Słomczyn', 'galleries', 26, 1, 55, '1', NULL),
(50, 11, 'Test', '', 0, 0, 5, '0', NULL),
(55, 1, '1999', '', 0, 0, 5, '1', NULL),
(57, 1, 'Bowler', 'galleries', 31, 1, 38, '1', NULL),
(58, 0, 'Top', 'top', 32, 1, 0, '0', NULL),
(60, 0, 'Silk Way 2011', 'galleries', 34, 1, 15, '1', NULL),
(61, 1, 'Bowler Nemesis', 'articles', 12, 1, 9, '0', NULL),
(63, 0, 'Do Testów', 'galleries', 35, 1, 50, '1', NULL),
(65, 1, 'Artykuły', '', 0, 0, 0, '0', NULL),
(66, 0, '24H Tout Terrain de France 2008', 'articles', 14, 1, 65, '1', NULL),
(67, 1, 'Rajd Silk Way 2011', 'articles', 15, 1, 65, '1', NULL),
(68, 2, 'Baja Portalegre 2008', 'articles', 16, 1, 65, '1', NULL),
(69, 4, 'Drezno - Wrocław 2008', 'articles', 17, 1, 65, '1', NULL),
(70, 3, 'Italian Baja 2009', 'articles', 18, 1, 65, '1', NULL),
(72, 1, 'Baja Portalegre 2011', 'galleries', 44, 1, 15, '1', NULL),
(73, 2, 'Dakar 2012 - przygotowania', 'galleries', 45, 1, 15, '1', NULL),
(74, 3, 'Dakar 2012 - przed startem', 'galleries', 46, 1, 15, '1', NULL),
(75, 12, 'Loga Partnerów', 'galleries', 47, 1, 5, '0', NULL),
(77, 1, 'BMW X5CC', 'galleries', 48, 1, 6, '1', NULL),
(78, 0, 'Ciężarówka serwisowa', 'galleries', 49, 1, 76, '1', NULL),
(82, 4, 'Dakar 2012 - start', 'galleries', 50, 1, 15, '1', NULL),
(83, 9, '2012', '', 0, 0, 5, '1', NULL),
(84, 0, 'Pierwsze foto z odc. specjalnych Dakar 2012', 'galleries', 51, 1, 83, '1', NULL),
(85, 1, 'Zmiana trasy Dakar 2012', 'galleries', 52, 1, 83, '1', NULL),
(86, 2, 'WOŚP na Dakar 2012', 'galleries', 53, 1, 83, '1', NULL),
(87, 3, 'Klimatyczne foto z biwaku', 'galleries', 54, 1, 83, '1', NULL),
(88, 4, 'Meta w Limie', 'galleries', 55, 1, 83, '1', NULL),
(89, 5, 'Zdjęcia z odc. specjalnych Dakar 2012', 'galleries', 56, 1, 83, '1', NULL),
(90, 6, 'Dakar 2012 – poza odcinkami specjalnymi', 'galleries', 57, 1, 83, '1', NULL),
(91, 5, 'BMW X5CC', 'articles', 40, 1, 65, '1', NULL),
(92, 4, 'Iveco 190 - ciężarówka serwisowa', 'galleries', 58, 1, 6, '1', NULL),
(93, 6, 'Iveco 190 - ciężarówka serwisowa', 'articles', 41, 1, 65, '1', NULL),
(94, 2, 'Cieżarówka serwisowa', 'articles', 42, 1, 9, '1', NULL);

--
-- Ograniczenia dla zrzutów tabel
--

--
-- Ograniczenia dla tabeli `images`
--
ALTER TABLE `images`
  ADD CONSTRAINT `images_ibfk_1` FOREIGN KEY (`id_galleries`) REFERENCES `galleries` (`id`) ON DELETE CASCADE ON UPDATE NO ACTION;

/*!40101 SET CHARACTER_SET_CLIENT=@OLD_CHARACTER_SET_CLIENT */;
/*!40101 SET CHARACTER_SET_RESULTS=@OLD_CHARACTER_SET_RESULTS */;
/*!40101 SET COLLATION_CONNECTION=@OLD_COLLATION_CONNECTION */;
